,,booking_id.jan,amount.jan,room_night.jan,booking_id.feb,amount.feb,room_night.feb,booking_id.march,amount.march,room_night.feb
0,220,2.0,3443.0,1 days 00:00:00.000000000,,,,1.0,1949.0,
1,765,1.0,1949.0,1 days 00:00:00.000000000,,,,,,
2,1864,2.0,4288.0,2 days 00:00:00.000000000,1.0,1494.0,1 days 00:00:00.000000000,,,1 days 00:00:00.000000000
3,2162,1.0,4159.0,1 days 00:00:00.000000000,,,,,,
4,2202,2.0,15918.0,5 days 00:00:00.000000000,,,,,,
5,2827,1.0,4157.0,2 days 00:00:00.000000000,,,,1.0,5197.0,
6,3145,1.0,1884.0,1 days 00:00:00.000000000,1.0,1884.0,1 days 00:00:00.000000000,,,1 days 00:00:00.000000000
7,3424,1.0,2599.0,1 days 00:00:00.000000000,1.0,2014.0,1 days 00:00:00.000000000,1.0,1819.0,1 days 00:00:00.000000000
8,3449,2.0,5978.0,2 days 00:00:00.000000000,,,,,,
9,3452,1.0,5977.0,2 days 00:00:00.000000000,,,,,,
10,3580,1.0,4677.0,2 days 00:00:00.000000000,,,,,,
11,3585,1.0,2729.0,,,,,,,
12,3770,1.0,2339.0,1 days 00:00:00.000000000,,,,,,
13,3929,3.0,13708.0,5 days 00:00:00.000000000,,,,,,
14,4043,1.0,2729.0,,,,,,,
15,4121,2.0,4288.0,,,,,2.0,4523.0,
16,4595,2.0,4678.0,1 days 00:00:00.000000000,,,,1.0,2209.0,
17,4675,1.0,2404.0,1 days 00:00:00.000000000,2.0,4743.0,1 days 00:00:00.000000000,,,1 days 00:00:00.000000000
18,5049,1.0,2469.0,1 days 00:00:00.000000000,,,,1.0,2014.0,
19,5977,1.0,926.0,1 days 00:00:00.000000000,3.0,6627.0,3 days 00:00:00.000000000,,,3 days 00:00:00.000000000
20,6014,1.0,1754.0,1 days 00:00:00.000000000,,,,,,
21,6033,1.0,2209.0,,,,,,,
22,6284,1.0,2339.0,,1.0,1888.0,1 days 00:00:00.000000000,1.0,1888.0,1 days 00:00:00.000000000
23,6513,1.0,2924.0,1 days 00:00:00.000000000,,,,1.0,3054.0,
24,6989,1.0,2209.0,1 days 00:00:00.000000000,,,,,,
25,7121,1.0,2079.0,1 days 00:00:00.000000000,,,,,,
26,7282,1.0,2469.0,1 days 00:00:00.000000000,,,,,,
27,7326,2.0,3768.0,2 days 00:00:00.000000000,,,,,,
28,7412,2.0,7668.0,1 days 00:00:00.000000000,,,,,,
29,7701,1.0,3574.0,1 days 00:00:00.000000000,,,,,,
30,7731,1.0,1949.0,,1.0,2014.0,1 days 00:00:00.000000000,2.0,4093.0,1 days 00:00:00.000000000
31,7936,1.0,2729.0,1 days 00:00:00.000000000,,,,,,
32,7970,2.0,3768.0,2 days 00:00:00.000000000,2.0,3313.0,1 days 00:00:00.000000000,1.0,1624.0,1 days 00:00:00.000000000
33,7971,3.0,9747.0,1 days 00:00:00.000000000,,,,,,
34,8066,1.0,1949.0,,2.0,3638.0,1 days 00:00:00.000000000,,,1 days 00:00:00.000000000
35,8240,1.0,28882.0,13 days 00:00:00.000000000,,,,,,
36,8244,1.0,1949.0,1 days 00:00:00.000000000,,,,,,
37,8353,1.0,1949.0,,1.0,1819.0,,2.0,3188.0,
38,8380,1.0,1624.0,1 days 00:00:00.000000000,2.0,13318.0,5 days 00:00:00.000000000,,,5 days 00:00:00.000000000
39,8605,1.0,2144.0,,,,,1.0,2339.0,
40,8760,1.0,2469.0,1 days 00:00:00.000000000,1.0,2729.0,1 days 00:00:00.000000000,1.0,7601.0,1 days 00:00:00.000000000
41,8861,1.0,2144.0,1 days 00:00:00.000000000,,,,,,
42,8873,1.0,7371.0,5 days 00:00:00.000000000,,,,,,
43,8875,1.0,2092.0,,,,,,,
44,9133,1.0,2404.0,,1.0,7233.0,2 days 00:00:00.000000000,1.0,2014.0,2 days 00:00:00.000000000
45,9197,2.0,6274.0,,2.0,12235.0,,1.0,1906.0,
46,9198,1.0,4354.0,1 days 00:00:00.000000000,,,,,,
47,9338,1.0,3574.0,1 days 00:00:00.000000000,,,,,,
48,9671,1.0,4324.0,2 days 00:00:00.000000000,,,,,,
49,10453,3.0,9028.0,3 days 00:00:00.000000000,,,,,,
50,11332,1.0,11692.0,6 days 00:00:00.000000000,,,,,,
51,11342,2.0,12992.0,2 days 00:00:00.000000000,,,,,,
52,11404,1.0,1819.0,,,,,,,
53,11659,1.0,6237.0,2 days 00:00:00.000000000,,,,,,
54,12023,1.0,2794.0,1 days 00:00:00.000000000,,,,,,
55,12255,4.0,18336.0,2 days 00:00:00.000000000,,,,,,
56,12485,1.0,2209.0,1 days 00:00:00.000000000,,,,2.0,8054.0,
57,12781,1.0,3119.0,1 days 00:00:00.000000000,,,,,,
58,13091,2.0,3378.0,2 days 00:00:00.000000000,,,,5.0,9114.0,
59,13131,1.0,2144.0,1 days 00:00:00.000000000,,,,,,
60,13139,3.0,6432.0,,,,,,,
61,13209,1.0,4939.0,,,,,,,
62,13378,3.0,5554.0,1 days 00:00:00.000000000,2.0,5029.0,1 days 00:00:00.000000000,,,1 days 00:00:00.000000000
63,13402,1.0,6562.0,2 days 00:00:00.000000000,,,,,,
64,13601,1.0,3054.0,1 days 00:00:00.000000000,,,,,,
65,13793,1.0,2339.0,1 days 00:00:00.000000000,,,,,,
66,13794,1.0,4874.0,,,,,,,
67,13951,3.0,8575.0,4 days 00:00:00.000000000,1.0,3442.0,,2.0,4481.0,
68,13959,1.0,8637.0,4 days 00:00:00.000000000,,,,1.0,2192.0,
69,14120,1.0,2274.0,1 days 00:00:00.000000000,,,,,,
70,14499,1.0,59254.0,,1.0,1429.0,1 days 00:00:00.000000000,,,1 days 00:00:00.000000000
71,14601,3.0,6042.0,2 days 00:00:00.000000000,,,,2.0,4743.0,
72,14623,1.0,2726.0,,,,,,,
73,14687,1.0,1819.0,1 days 00:00:00.000000000,,,,,,
74,14742,1.0,6044.0,1 days 00:00:00.000000000,,,,,,
75,14755,1.0,1429.0,1 days 00:00:00.000000000,,,,,,
76,14778,1.0,11307.0,,1.0,7406.0,,,,
77,15037,1.0,1884.0,,,,,,,
78,15300,1.0,3119.0,,,,,,,
79,15445,2.0,9488.0,,,,,2.0,6238.0,
80,15533,1.0,3901.0,1 days 00:00:00.000000000,,,,,,
81,15656,1.0,10267.0,,,,,,,
82,15767,1.0,3574.0,1 days 00:00:00.000000000,,,,,,
83,15775,1.0,2209.0,1 days 00:00:00.000000000,,,,,,
84,15900,3.0,5240.0,2 days 00:00:00.000000000,1.0,2209.0,1 days 00:00:00.000000000,,,1 days 00:00:00.000000000
85,16015,1.0,1457.0,1 days 00:00:00.000000000,,,,,,
86,16173,1.0,1494.0,,,,,,,
87,16277,1.0,27937.0,,,,,,,
88,16287,1.0,2192.0,1 days 00:00:00.000000000,,,,,,
89,16292,1.0,2404.0,1 days 00:00:00.000000000,,,,,,
90,16566,1.0,6755.0,,,,,,,
91,16744,1.0,2339.0,1 days 00:00:00.000000000,,,,,,
92,16808,2.0,7794.0,2 days 00:00:00.000000000,,,,,,
93,17344,1.0,4352.0,2 days 00:00:00.000000000,,,,,,
94,17641,1.0,1884.0,1 days 00:00:00.000000000,,,,,,
95,17746,1.0,6620.0,,,,,,,
96,17878,1.0,2484.0,,,,,,,
97,18009,1.0,2014.0,,,,,,,
98,18226,1.0,10135.0,,,,,,,
99,18314,1.0,2534.0,,,,,,,
100,18527,1.0,4807.0,2 days 00:00:00.000000000,,,,,,
101,18979,1.0,4679.0,,,,,1.0,5541.0,
102,19017,4.0,17806.0,2 days 00:00:00.000000000,,,,,,
103,19130,1.0,3812.0,2 days 00:00:00.000000000,,,,,,
104,19531,1.0,10787.0,,,,,,,
105,19536,4.0,8511.0,2 days 00:00:00.000000000,,,,2.0,4060.0,
106,19964,1.0,4547.0,,,,,,,
107,20026,3.0,7992.0,3 days 00:00:00.000000000,,,,,,
108,20133,2.0,5718.0,1 days 00:00:00.000000000,,,,1.0,2339.0,
109,20154,1.0,3184.0,1 days 00:00:00.000000000,,,,,,
110,20408,1.0,2534.0,1 days 00:00:00.000000000,,,,,,
111,20597,1.0,11955.0,,1.0,8576.0,3 days 00:00:00.000000000,,,3 days 00:00:00.000000000
112,21016,1.0,2599.0,1 days 00:00:00.000000000,,,,,,
113,21052,2.0,4028.0,2 days 00:00:00.000000000,,,,,,
114,21152,1.0,2014.0,1 days 00:00:00.000000000,1.0,2129.0,,,,
115,21418,1.0,1689.0,,,,,1.0,1949.0,
116,21595,2.0,5458.0,2 days 00:00:00.000000000,,,,,,
117,21667,1.0,3224.0,2 days 00:00:00.000000000,,,,,,
118,21694,3.0,6757.0,,,,,1.0,2404.0,
119,21716,2.0,11308.0,1 days 00:00:00.000000000,2.0,11178.0,2 days 00:00:00.000000000,1.0,6369.0,2 days 00:00:00.000000000
120,21854,2.0,6343.0,,2.0,4094.0,2 days 00:00:00.000000000,,,2 days 00:00:00.000000000
121,22257,1.0,3444.0,,,,,,,
122,22963,2.0,4093.0,1 days 00:00:00.000000000,2.0,4548.0,,2.0,4743.0,
123,23250,1.0,2014.0,1 days 00:00:00.000000000,,,,,,
124,23457,1.0,2274.0,1 days 00:00:00.000000000,,,,,,
125,23503,1.0,2859.0,1 days 00:00:00.000000000,,,,2.0,4743.0,
126,23705,1.0,7472.0,2 days 00:00:00.000000000,,,,,,
127,23806,2.0,3704.0,,,,,,,
128,23913,3.0,9032.0,1 days 00:00:00.000000000,,,,,,
129,24582,1.0,1949.0,1 days 00:00:00.000000000,1.0,4966.0,2 days 00:00:00.000000000,1.0,2859.0,2 days 00:00:00.000000000
130,24613,1.0,4159.0,1 days 00:00:00.000000000,,,,,,
131,24838,1.0,2209.0,1 days 00:00:00.000000000,,,,,,
132,25479,1.0,2729.0,,,,,3.0,13514.0,
133,26072,1.0,3897.0,2 days 00:00:00.000000000,,,,,,
134,26179,1.0,2101.0,1 days 00:00:00.000000000,,,,,,
135,26536,2.0,8054.0,4 days 00:00:00.000000000,,,,,,
136,26820,1.0,2274.0,,,,,,,
137,27204,3.0,14945.0,2 days 00:00:00.000000000,,,,,,
138,27291,1.0,2729.0,1 days 00:00:00.000000000,,,,,,
139,28143,2.0,27288.0,9 days 00:00:00.000000000,,,,,,
140,28584,1.0,2209.0,,,,,,,
141,28805,1.0,2859.0,1 days 00:00:00.000000000,,,,,,
142,28914,1.0,1732.0,1 days 00:00:00.000000000,,,,,,
143,29124,1.0,2144.0,,,,,,,
144,29563,1.0,6776.0,4 days 00:00:00.000000000,,,,,,
145,29619,1.0,2534.0,1 days 00:00:00.000000000,,,,,,
146,29627,3.0,6159.0,1 days 00:00:00.000000000,,,,,,
147,29684,3.0,13387.0,1 days 00:00:00.000000000,,,,,,
148,29885,1.0,4354.0,1 days 00:00:00.000000000,,,,,,
149,30671,1.0,2209.0,,,,,,,
150,30963,1.0,2209.0,1 days 00:00:00.000000000,2.0,5653.0,2 days 00:00:00.000000000,,,2 days 00:00:00.000000000
151,30995,1.0,2404.0,,,,,,,
152,30999,1.0,1949.0,1 days 00:00:00.000000000,,,,,,
153,31449,1.0,2469.0,1 days 00:00:00.000000000,2.0,21951.0,2 days 00:00:00.000000000,,,2 days 00:00:00.000000000
154,31960,1.0,7180.0,3 days 00:00:00.000000000,,,,,,
155,32390,1.0,13256.0,3 days 00:00:00.000000000,,,,,,
156,32837,2.0,4353.0,1 days 00:00:00.000000000,,,,,,
157,32986,1.0,1559.0,1 days 00:00:00.000000000,,,,,,
158,33021,1.0,2252.0,,1.0,2924.0,,,,
159,33193,1.0,2648.0,1 days 00:00:00.000000000,,,,,,
160,33288,1.0,2599.0,1 days 00:00:00.000000000,,,,,,
161,33359,1.0,3054.0,1 days 00:00:00.000000000,,,,,,
162,33493,2.0,6756.0,2 days 00:00:00.000000000,,,,2.0,5263.0,
163,33581,1.0,2363.0,1 days 00:00:00.000000000,1.0,2729.0,1 days 00:00:00.000000000,,,1 days 00:00:00.000000000
164,33824,2.0,5588.0,1 days 00:00:00.000000000,1.0,2534.0,,,,
165,33926,1.0,2469.0,1 days 00:00:00.000000000,2.0,5198.0,1 days 00:00:00.000000000,,,1 days 00:00:00.000000000
166,33945,2.0,10784.0,2 days 00:00:00.000000000,,,,,,
167,33978,1.0,4874.0,1 days 00:00:00.000000000,,,,1.0,8705.0,
168,34633,1.0,3205.0,,,,,,,
169,34654,2.0,4418.0,2 days 00:00:00.000000000,,,,,,
170,34712,1.0,3899.0,1 days 00:00:00.000000000,1.0,4224.0,1 days 00:00:00.000000000,,,1 days 00:00:00.000000000
171,35292,1.0,3834.0,1 days 00:00:00.000000000,,,,,,
172,35354,2.0,13066.0,5 days 00:00:00.000000000,,,,,,
173,35610,1.0,2079.0,1 days 00:00:00.000000000,,,,,,
174,35729,2.0,4532.0,,,,,,,
175,35857,1.0,14621.0,3 days 00:00:00.000000000,,,,,,
176,35923,1.0,1665.0,,,,,,,
177,36718,1.0,2794.0,,,,,,,
178,36787,1.0,2284.0,1 days 00:00:00.000000000,,,,,,
179,36818,1.0,4417.0,2 days 00:00:00.000000000,,,,,,
180,37363,1.0,13644.0,,,,,,,
181,37423,2.0,12689.0,5 days 00:00:00.000000000,2.0,14212.0,6 days 00:00:00.000000000,,,6 days 00:00:00.000000000
182,37981,3.0,5912.0,2 days 00:00:00.000000000,,,,1.0,2014.0,
183,38109,1.0,1212.0,,,,,,,
184,38733,1.0,21055.0,,,,,,,
185,38803,2.0,12992.0,5 days 00:00:00.000000000,,,,,,
186,38870,1.0,2924.0,,,,,,,
187,39744,1.0,2924.0,,,,,,,
188,40035,1.0,2014.0,1 days 00:00:00.000000000,,,,,,
189,40151,1.0,3247.0,2 days 00:00:00.000000000,,,,,,
190,40182,1.0,3588.0,1 days 00:00:00.000000000,,,,,,
191,40671,1.0,1949.0,1 days 00:00:00.000000000,,,,,,
192,41471,4.0,9421.0,2 days 00:00:00.000000000,,,,1.0,2339.0,
193,42304,1.0,7406.0,,,,,,,
194,42387,3.0,11353.0,5 days 00:00:00.000000000,,,,1.0,2568.0,
195,42531,1.0,1949.0,1 days 00:00:00.000000000,,,,,,
196,42551,1.0,1884.0,1 days 00:00:00.000000000,,,,,,
197,42741,2.0,7666.0,2 days 00:00:00.000000000,,,,1.0,2729.0,
198,42878,1.0,19297.0,,,,,,,
199,43287,1.0,2014.0,1 days 00:00:00.000000000,,,,1.0,1949.0,
200,43374,1.0,6201.0,2 days 00:00:00.000000000,,,,,,
201,43500,2.0,16701.0,3 days 00:00:00.000000000,,,,,,
202,43523,1.0,2989.0,,,,,,,
203,43827,1.0,4354.0,,,,,,,
204,43903,1.0,1494.0,,,,,,,
205,44047,1.0,17155.0,4 days 00:00:00.000000000,,,,,,
206,44199,1.0,2274.0,,1.0,2274.0,1 days 00:00:00.000000000,,,1 days 00:00:00.000000000
207,44291,2.0,3898.0,,1.0,2144.0,1 days 00:00:00.000000000,,,1 days 00:00:00.000000000
208,44356,2.0,4418.0,2 days 00:00:00.000000000,1.0,2404.0,1 days 00:00:00.000000000,,,1 days 00:00:00.000000000
209,44371,1.0,2339.0,1 days 00:00:00.000000000,,,,,,
210,44490,1.0,5719.0,1 days 00:00:00.000000000,,,,,,
211,45089,1.0,1884.0,,1.0,1732.0,,,,
212,45412,5.0,12800.0,4 days 00:00:00.000000000,2.0,4808.0,1 days 00:00:00.000000000,,,1 days 00:00:00.000000000
213,45445,1.0,1884.0,1 days 00:00:00.000000000,,,,,,
214,45625,1.0,1819.0,1 days 00:00:00.000000000,,,,,,
215,45644,2.0,10784.0,4 days 00:00:00.000000000,1.0,6821.0,3 days 00:00:00.000000000,2.0,9160.0,3 days 00:00:00.000000000
216,46140,1.0,12995.0,4 days 00:00:00.000000000,1.0,2469.0,1 days 00:00:00.000000000,,,1 days 00:00:00.000000000
217,46167,1.0,6757.0,,1.0,6107.0,2 days 00:00:00.000000000,,,2 days 00:00:00.000000000
218,46268,1.0,1893.0,,,,,,,
219,46373,1.0,2729.0,,,,,,,
220,46608,1.0,3271.0,1 days 00:00:00.000000000,,,,,,
221,46697,1.0,2209.0,,,,,,,
222,47942,2.0,3508.0,2 days 00:00:00.000000000,,,,,,
223,47963,1.0,2209.0,1 days 00:00:00.000000000,2.0,4186.0,2 days 00:00:00.000000000,,,2 days 00:00:00.000000000
224,48615,1.0,3314.0,1 days 00:00:00.000000000,,,,,,
225,48699,2.0,15141.0,3 days 00:00:00.000000000,,,,,,
226,48935,1.0,1949.0,,,,,,,
227,49431,1.0,2469.0,1 days 00:00:00.000000000,,,,,,
228,49442,2.0,4223.0,1 days 00:00:00.000000000,,,,,,
229,49619,2.0,12474.0,2 days 00:00:00.000000000,,,,,,
230,50174,2.0,5517.0,1 days 00:00:00.000000000,,,,,,
231,50419,2.0,12212.0,,,,,,,
232,50628,1.0,3704.0,1 days 00:00:00.000000000,,,,,,
233,50641,1.0,3444.0,,,,,,,
234,50869,2.0,5092.0,1 days 00:00:00.000000000,,,,,,
235,50900,1.0,2729.0,,,,,,,
236,51987,3.0,5912.0,2 days 00:00:00.000000000,,,,1.0,2014.0,
237,52445,1.0,2079.0,1 days 00:00:00.000000000,,,,1.0,2144.0,
238,52787,1.0,1754.0,1 days 00:00:00.000000000,,,,,,
239,53022,1.0,1856.0,,,,,,,
240,53934,1.0,2274.0,,,,,,,
241,53976,1.0,2209.0,1 days 00:00:00.000000000,,,,,,
242,54558,1.0,1689.0,1 days 00:00:00.000000000,,,,,,
243,55090,1.0,1949.0,1 days 00:00:00.000000000,,,,,,
244,55143,4.0,28517.0,5 days 00:00:00.000000000,2.0,7018.0,2 days 00:00:00.000000000,,,2 days 00:00:00.000000000
245,55271,1.0,2188.0,1 days 00:00:00.000000000,,,,,,
246,55369,1.0,7927.0,,,,,2.0,7534.0,
247,56421,1.0,2339.0,1 days 00:00:00.000000000,,,,,,
248,56558,1.0,3574.0,1 days 00:00:00.000000000,,,,1.0,3285.0,
249,56630,1.0,9357.0,,,,,,,
250,56694,2.0,5133.0,,1.0,3444.0,1 days 00:00:00.000000000,,,1 days 00:00:00.000000000
251,57573,1.0,2144.0,1 days 00:00:00.000000000,,,,,,
252,57801,2.0,3682.0,1 days 00:00:00.000000000,11.0,27975.0,9 days 00:00:00.000000000,15.0,31386.0,9 days 00:00:00.000000000
253,57879,1.0,2794.0,,,,,,,
254,59454,3.0,25147.0,,,,,,,
255,59546,2.0,6461.0,2 days 00:00:00.000000000,,,,,,
256,59634,1.0,2640.0,,,,,,,
257,59866,1.0,1949.0,1 days 00:00:00.000000000,1.0,2014.0,1 days 00:00:00.000000000,,,1 days 00:00:00.000000000
258,59877,2.0,4617.0,1 days 00:00:00.000000000,1.0,1958.0,,,,
259,60132,1.0,4157.0,2 days 00:00:00.000000000,1.0,2267.0,,,,
260,60231,1.0,1949.0,1 days 00:00:00.000000000,,,,,,
261,60319,1.0,3899.0,,,,,,,
262,60406,2.0,6237.0,1 days 00:00:00.000000000,,,,,,
263,60460,1.0,2404.0,,,,,,,
264,60515,1.0,2079.0,,,,,,,
265,60557,1.0,3444.0,,,,,,,
266,61254,1.0,1949.0,1 days 00:00:00.000000000,,,,,,
267,61311,1.0,2404.0,,2.0,3963.0,1 days 00:00:00.000000000,1.0,1884.0,1 days 00:00:00.000000000
268,61396,1.0,6367.0,,,,,,,
269,61602,1.0,2534.0,,,,,,,
270,61768,2.0,4219.0,1 days 00:00:00.000000000,,,,,,
271,61921,1.0,2209.0,,,,,,,
272,62098,1.0,2144.0,1 days 00:00:00.000000000,,,,,,
273,62101,1.0,2192.0,1 days 00:00:00.000000000,,,,,,
274,62184,1.0,2469.0,,,,,,,
275,62188,1.0,7016.0,3 days 00:00:00.000000000,,,,4.0,12279.0,
276,62595,1.0,21212.0,,,,,,,
277,62642,1.0,5002.0,2 days 00:00:00.000000000,,,,,,
278,63032,2.0,4678.0,2 days 00:00:00.000000000,,,,1.0,5067.0,
279,63569,1.0,1594.0,,,,,,,
280,63819,2.0,8949.0,2 days 00:00:00.000000000,,,,,,
281,63947,1.0,1494.0,,,,,,,
282,64904,1.0,2427.0,1 days 00:00:00.000000000,,,,,,
283,64956,1.0,3899.0,1 days 00:00:00.000000000,,,,,,
284,65208,1.0,5589.0,1 days 00:00:00.000000000,,,,,,
285,65660,2.0,8834.0,5 days 00:00:00.000000000,,,,,,
286,65796,3.0,6822.0,3 days 00:00:00.000000000,,,,,,
287,65873,1.0,3119.0,1 days 00:00:00.000000000,,,,,,
288,66097,1.0,3574.0,,,,,,,
289,66504,3.0,24615.0,6 days 00:00:00.000000000,,,,2.0,20531.0,
290,66762,1.0,3509.0,1 days 00:00:00.000000000,3.0,9487.0,1 days 00:00:00.000000000,4.0,12801.0,1 days 00:00:00.000000000
291,66828,1.0,4744.0,,,,,,,
292,67129,1.0,7618.0,4 days 00:00:00.000000000,,,,,,
293,67277,1.0,4872.0,2 days 00:00:00.000000000,,,,,,
294,67664,1.0,1884.0,,,,,,,
295,67726,2.0,6108.0,2 days 00:00:00.000000000,,,,,,
296,67743,1.0,2144.0,,,,,2.0,5523.0,
297,68127,1.0,2339.0,1 days 00:00:00.000000000,,,,,,
298,68193,1.0,14035.0,,1.0,8705.0,,4.0,29633.0,
299,68240,1.0,2005.0,1 days 00:00:00.000000000,,,,,,
300,68800,1.0,6510.0,,,,,,,
301,68866,1.0,6824.0,,,,,,,
302,68922,1.0,2339.0,1 days 00:00:00.000000000,1.0,2079.0,1 days 00:00:00.000000000,1.0,2404.0,1 days 00:00:00.000000000
303,69073,1.0,2209.0,1 days 00:00:00.000000000,,,,,,
304,69366,1.0,5522.0,,,,,,,
305,69402,1.0,2852.0,1 days 00:00:00.000000000,,,,,,
306,69450,4.0,8381.0,2 days 00:00:00.000000000,,,,,,
307,69610,1.0,9554.0,1 days 00:00:00.000000000,,,,,,
308,69750,3.0,10332.0,1 days 00:00:00.000000000,,,,,,
309,69769,1.0,3119.0,1 days 00:00:00.000000000,,,,,,
310,70892,1.0,2664.0,1 days 00:00:00.000000000,,,,,,
311,71170,1.0,2987.0,2 days 00:00:00.000000000,,,,,,
312,71338,1.0,2404.0,1 days 00:00:00.000000000,,,,,,
313,71382,2.0,9159.0,4 days 00:00:00.000000000,1.0,4540.0,2 days 00:00:00.000000000,3.0,11628.0,2 days 00:00:00.000000000
314,71428,1.0,3899.0,1 days 00:00:00.000000000,1.0,7925.0,3 days 00:00:00.000000000,,,3 days 00:00:00.000000000
315,71704,1.0,1754.0,1 days 00:00:00.000000000,1.0,2144.0,1 days 00:00:00.000000000,,,1 days 00:00:00.000000000
316,71800,1.0,1594.0,,1.0,1386.0,1 days 00:00:00.000000000,,,1 days 00:00:00.000000000
317,71922,2.0,8574.0,2 days 00:00:00.000000000,,,,,,
318,71996,1.0,5457.0,2 days 00:00:00.000000000,1.0,17351.0,,,,
319,72025,1.0,2534.0,1 days 00:00:00.000000000,,,,,,
320,72253,1.0,3054.0,,2.0,5523.0,,,,
321,72648,1.0,1949.0,1 days 00:00:00.000000000,3.0,6713.0,2 days 00:00:00.000000000,,,2 days 00:00:00.000000000
322,72656,2.0,23910.0,4 days 00:00:00.000000000,,,,,,
323,72674,1.0,11384.0,3 days 00:00:00.000000000,,,,,,
324,72807,2.0,6173.0,1 days 00:00:00.000000000,,,,,,
325,73042,1.0,3897.0,2 days 00:00:00.000000000,,,,,,
326,73708,1.0,3588.0,1 days 00:00:00.000000000,,,,,,
327,74325,2.0,3362.0,1 days 00:00:00.000000000,,,,,,
328,74628,1.0,3054.0,,,,,,,
329,74653,1.0,3444.0,1 days 00:00:00.000000000,2.0,6628.0,2 days 00:00:00.000000000,,,2 days 00:00:00.000000000
330,74860,4.0,9811.0,2 days 00:00:00.000000000,4.0,10526.0,2 days 00:00:00.000000000,3.0,33975.0,2 days 00:00:00.000000000
331,75070,2.0,4028.0,,,,,,,
332,75121,1.0,9812.0,,,,,,,
333,75870,2.0,4567.0,1 days 00:00:00.000000000,,,,1.0,2079.0,
334,75928,2.0,4688.0,,,,,,,
335,75950,1.0,2079.0,1 days 00:00:00.000000000,,,,,,
336,76850,1.0,1104.0,1 days 00:00:00.000000000,,,,,,
337,77179,3.0,23383.0,9 days 00:00:00.000000000,7.0,82708.0,28 days 00:00:00.000000000,,,28 days 00:00:00.000000000
338,77525,2.0,3768.0,1 days 00:00:00.000000000,,,,,,
339,77745,5.0,33755.0,1 days 00:00:00.000000000,3.0,31727.0,,5.0,51006.0,
340,77837,1.0,10331.0,,,,,,,
341,77935,1.0,1949.0,1 days 00:00:00.000000000,,,,1.0,2014.0,
342,78264,1.0,3509.0,,,,,,,
343,78454,2.0,4046.0,,,,,,,
344,78626,1.0,3444.0,1 days 00:00:00.000000000,,,,,,
345,78628,1.0,2206.0,1 days 00:00:00.000000000,,,,,,
346,78645,1.0,2469.0,,,,,,,
347,78646,1.0,2903.0,1 days 00:00:00.000000000,,,,,,
348,78900,1.0,2133.0,1 days 00:00:00.000000000,,,,,,
349,78914,1.0,2209.0,1 days 00:00:00.000000000,,,,,,
350,79348,1.0,2989.0,1 days 00:00:00.000000000,,,,,,
351,79360,1.0,2209.0,1 days 00:00:00.000000000,,,,1.0,2664.0,
352,80607,1.0,1819.0,1 days 00:00:00.000000000,,,,,,
353,80621,1.0,3169.0,,,,,,,
354,81480,1.0,2079.0,,,,,,,
355,81637,1.0,1949.0,1 days 00:00:00.000000000,,,,,,
356,81672,1.0,2404.0,,,,,,,
357,81709,1.0,2192.0,,,,,,,
358,81775,3.0,7147.0,1 days 00:00:00.000000000,,,,1.0,2674.0,
359,82240,1.0,10397.0,,,,,,,
360,82622,1.0,2729.0,1 days 00:00:00.000000000,,,,,,
361,82702,2.0,11434.0,2 days 00:00:00.000000000,,,,,,
362,82881,1.0,6627.0,2 days 00:00:00.000000000,,,,2.0,21052.0,
363,83467,1.0,2274.0,1 days 00:00:00.000000000,,,,,,
364,83686,1.0,2404.0,1 days 00:00:00.000000000,,,,1.0,1949.0,
365,83735,1.0,2079.0,1 days 00:00:00.000000000,1.0,2209.0,1 days 00:00:00.000000000,,,1 days 00:00:00.000000000
366,83841,2.0,13095.0,2 days 00:00:00.000000000,,,,,,
367,83896,1.0,5849.0,1 days 00:00:00.000000000,1.0,5132.0,2 days 00:00:00.000000000,,,2 days 00:00:00.000000000
368,84259,1.0,3379.0,1 days 00:00:00.000000000,,,,,,
369,85307,1.0,5719.0,,,,,,,
370,85351,1.0,3684.0,2 days 00:00:00.000000000,,,,,,
371,85376,1.0,2729.0,1 days 00:00:00.000000000,,,,3.0,5002.0,
372,85412,1.0,2231.0,,2.0,4487.0,2 days 00:00:00.000000000,1.0,1888.0,2 days 00:00:00.000000000
373,85555,1.0,22870.0,,1.0,11710.0,4 days 00:00:00.000000000,,,4 days 00:00:00.000000000
374,85562,1.0,2664.0,1 days 00:00:00.000000000,,,,,,
375,85715,1.0,4399.0,,,,,,,
376,85876,1.0,25644.0,14 days 00:00:00.000000000,,,,,,
377,86098,1.0,2599.0,1 days 00:00:00.000000000,,,,1.0,3444.0,
378,86311,1.0,3199.0,1 days 00:00:00.000000000,,,,,,
379,86742,1.0,3962.0,2 days 00:00:00.000000000,,,,,,
380,87218,1.0,83538.0,,,,,,,
381,87662,1.0,5977.0,2 days 00:00:00.000000000,,,,,,
382,87679,1.0,3117.0,2 days 00:00:00.000000000,,,,1.0,1559.0,
383,87764,5.0,8705.0,2 days 00:00:00.000000000,,,,,,
384,87768,3.0,28368.0,5 days 00:00:00.000000000,,,,1.0,2859.0,
385,88392,1.0,9676.0,3 days 00:00:00.000000000,,,,,,
386,88774,1.0,31585.0,4 days 00:00:00.000000000,,,,,,
387,88939,3.0,10397.0,3 days 00:00:00.000000000,,,,,,
388,89579,2.0,15725.0,1 days 00:00:00.000000000,,,,,,
389,89811,1.0,1689.0,1 days 00:00:00.000000000,,,,,,
390,89928,1.0,5067.0,2 days 00:00:00.000000000,,,,,,
391,90036,2.0,9033.0,2 days 00:00:00.000000000,,,,,,
392,90625,1.0,2079.0,1 days 00:00:00.000000000,1.0,2404.0,1 days 00:00:00.000000000,,,1 days 00:00:00.000000000
393,91083,1.0,2534.0,1 days 00:00:00.000000000,,,,,,
394,91702,1.0,2794.0,1 days 00:00:00.000000000,,,,,,
395,92309,1.0,2079.0,,,,,,,
396,92482,1.0,2404.0,1 days 00:00:00.000000000,,,,,,
397,92590,1.0,3119.0,,,,,,,
398,92904,4.0,12021.0,2 days 00:00:00.000000000,,,,,,
399,93144,1.0,1732.0,,,,,,,
400,93264,1.0,1300.0,1 days 00:00:00.000000000,,,,,,
401,94034,1.0,2811.0,,,,,,,
402,94377,1.0,3576.0,1 days 00:00:00.000000000,1.0,2274.0,1 days 00:00:00.000000000,,,1 days 00:00:00.000000000
403,95113,1.0,6626.0,3 days 00:00:00.000000000,,,,,,
404,95174,1.0,2092.0,1 days 00:00:00.000000000,,,,,,
405,96106,1.0,6431.0,3 days 00:00:00.000000000,,,,,,
406,96563,1.0,2274.0,1 days 00:00:00.000000000,,,,1.0,2339.0,
407,97046,1.0,3184.0,,,,,,,
408,97164,1.0,2276.0,1 days 00:00:00.000000000,,,,,,
409,97682,1.0,5214.0,,,,,,,
410,97775,2.0,6101.0,1 days 00:00:00.000000000,,,,,,
411,98294,1.0,1949.0,1 days 00:00:00.000000000,1.0,2404.0,,,,
412,98338,1.0,2924.0,,,,,,,
413,98373,2.0,3768.0,1 days 00:00:00.000000000,,,,,,
414,99316,1.0,7391.0,3 days 00:00:00.000000000,,,,,,
415,99396,1.0,2144.0,1 days 00:00:00.000000000,1.0,2404.0,1 days 00:00:00.000000000,,,1 days 00:00:00.000000000
416,99794,1.0,2042.0,1 days 00:00:00.000000000,,,,,,
417,100139,1.0,8447.0,2 days 00:00:00.000000000,,,,2.0,21572.0,
418,100201,1.0,2014.0,,,,,,,
419,100536,1.0,2404.0,,,,,,,
420,100627,2.0,7668.0,,,,,,,
421,100836,1.0,3637.0,,,,,,,
422,100962,1.0,2094.0,,,,,,,
423,101548,3.0,5524.0,1 days 00:00:00.000000000,,,,,,
424,101625,2.0,3703.0,1 days 00:00:00.000000000,,,,1.0,1884.0,
425,101925,1.0,12667.0,,,,,,,
426,102430,1.0,2469.0,,,,,,,
427,103003,1.0,2977.0,,,,,,,
428,103317,1.0,2236.0,1 days 00:00:00.000000000,,,,,,
429,105510,1.0,2783.0,1 days 00:00:00.000000000,,,,,,
430,106210,5.0,12679.0,3 days 00:00:00.000000000,3.0,9355.0,1 days 00:00:00.000000000,2.0,8944.0,1 days 00:00:00.000000000
431,106307,1.0,2795.0,2 days 00:00:00.000000000,,,,,,
432,106764,1.0,2274.0,,,,,1.0,2209.0,
433,106973,2.0,6043.0,,,,,1.0,2729.0,
434,106977,1.0,2534.0,,,,,1.0,2469.0,
435,107073,2.0,5416.0,1 days 00:00:00.000000000,,,,,,
436,107105,1.0,4488.0,2 days 00:00:00.000000000,,,,,,
437,107187,1.0,3704.0,1 days 00:00:00.000000000,,,,,,
438,107631,1.0,3509.0,1 days 00:00:00.000000000,,,,,,
439,107726,2.0,19624.0,2 days 00:00:00.000000000,,,,,,
440,108129,2.0,5003.0,2 days 00:00:00.000000000,,,,,,
441,108169,1.0,1949.0,,,,,,,
442,108360,2.0,5068.0,1 days 00:00:00.000000000,2.0,4223.0,1 days 00:00:00.000000000,4.0,9321.0,1 days 00:00:00.000000000
443,108885,1.0,3563.0,,1.0,5524.0,,,,
444,109075,1.0,1884.0,1 days 00:00:00.000000000,,,,2.0,3638.0,
445,109945,1.0,7082.0,,,,,,,
446,109973,2.0,4743.0,1 days 00:00:00.000000000,,,,1.0,1840.0,
447,110246,1.0,1949.0,1 days 00:00:00.000000000,,,,,,
448,110402,1.0,1949.0,,,,,,,
449,111098,1.0,2664.0,1 days 00:00:00.000000000,1.0,3487.0,,,,
450,111153,1.0,2599.0,1 days 00:00:00.000000000,,,,,,
451,111950,1.0,2729.0,1 days 00:00:00.000000000,1.0,3588.0,,1.0,2197.0,
452,112615,3.0,11755.0,2 days 00:00:00.000000000,,,,,,
453,112633,1.0,3379.0,,,,,,,
454,112913,1.0,26255.0,4 days 00:00:00.000000000,,,,,,
455,112916,1.0,7093.0,2 days 00:00:00.000000000,,,,1.0,2274.0,
456,113889,2.0,4257.0,2 days 00:00:00.000000000,1.0,1754.0,1 days 00:00:00.000000000,3.0,6261.0,1 days 00:00:00.000000000
457,114013,2.0,13449.0,,,,,2.0,6368.0,
458,114316,2.0,4808.0,,1.0,2274.0,1 days 00:00:00.000000000,,,1 days 00:00:00.000000000
459,114490,1.0,2339.0,1 days 00:00:00.000000000,1.0,2079.0,1 days 00:00:00.000000000,2.0,4288.0,1 days 00:00:00.000000000
460,114763,1.0,4614.0,,,,,,,
461,115548,1.0,5456.0,,,,,,,
462,116791,1.0,1689.0,,,,,,,
463,117378,1.0,5717.0,2 days 00:00:00.000000000,1.0,2274.0,1 days 00:00:00.000000000,1.0,7277.0,1 days 00:00:00.000000000
464,117605,1.0,3461.0,2 days 00:00:00.000000000,,,,,,
465,118118,1.0,4224.0,1 days 00:00:00.000000000,,,,,,
466,119048,1.0,3227.0,,,,,,,
467,119112,3.0,6302.0,1 days 00:00:00.000000000,,,,1.0,2053.0,
468,119314,1.0,2404.0,,,,,,,
469,119441,1.0,18194.0,,,,,,,
470,119466,3.0,9617.0,,2.0,4483.0,,,,
471,119500,3.0,6466.0,2 days 00:00:00.000000000,,,,,,
472,119565,2.0,6498.0,2 days 00:00:00.000000000,1.0,3314.0,1 days 00:00:00.000000000,,,1 days 00:00:00.000000000
473,120340,2.0,13323.0,2 days 00:00:00.000000000,1.0,2600.0,,1.0,4549.0,
474,120371,1.0,3184.0,1 days 00:00:00.000000000,,,,,,
475,120625,1.0,2058.0,1 days 00:00:00.000000000,1.0,2339.0,,,,
476,121394,1.0,3726.0,2 days 00:00:00.000000000,,,,,,
477,121464,1.0,3509.0,1 days 00:00:00.000000000,,,,4.0,12764.0,
478,121598,1.0,6562.0,2 days 00:00:00.000000000,,,,,,
479,121674,1.0,10917.0,2 days 00:00:00.000000000,,,,,,
480,122472,1.0,3249.0,1 days 00:00:00.000000000,,,,,,
481,122584,2.0,16114.0,4 days 00:00:00.000000000,2.0,19556.0,3 days 00:00:00.000000000,3.0,15398.0,3 days 00:00:00.000000000
482,122587,1.0,1949.0,1 days 00:00:00.000000000,,,,,,
483,123820,1.0,2079.0,1 days 00:00:00.000000000,,,,,,
484,123932,1.0,3899.0,1 days 00:00:00.000000000,,,,,,
485,124801,1.0,3379.0,,,,,,,
486,125092,1.0,1559.0,1 days 00:00:00.000000000,1.0,2664.0,1 days 00:00:00.000000000,,,1 days 00:00:00.000000000
487,125127,1.0,6174.0,,,,,,,
488,125141,1.0,1732.0,,,,,,,
489,126313,2.0,6043.0,2 days 00:00:00.000000000,,,,,,
490,126315,1.0,16372.0,6 days 00:00:00.000000000,,,,,,
491,126821,2.0,7991.0,3 days 00:00:00.000000000,2.0,6561.0,,,,
492,127446,1.0,2599.0,1 days 00:00:00.000000000,,,,,,
493,127661,1.0,14551.0,7 days 00:00:00.000000000,,,,,,
494,127850,3.0,6778.0,1 days 00:00:00.000000000,,,,,,
495,127919,1.0,1559.0,1 days 00:00:00.000000000,,,,,,
496,128226,1.0,7406.0,3 days 00:00:00.000000000,1.0,2534.0,1 days 00:00:00.000000000,,,1 days 00:00:00.000000000
497,128513,1.0,2050.0,1 days 00:00:00.000000000,,,,,,
498,128702,2.0,4298.0,1 days 00:00:00.000000000,,,,,,
499,128782,1.0,3249.0,,,,,,,
500,128921,1.0,1620.0,,,,,,,
501,129376,1.0,2404.0,,1.0,2852.0,1 days 00:00:00.000000000,1.0,2469.0,1 days 00:00:00.000000000
502,130031,1.0,1949.0,1 days 00:00:00.000000000,,,,,,
503,130034,1.0,7797.0,,,,,1.0,5587.0,
504,130118,1.0,4029.0,,,,,,,
505,130844,1.0,3704.0,,,,,,,
506,131261,2.0,6368.0,1 days 00:00:00.000000000,2.0,5523.0,2 days 00:00:00.000000000,,,2 days 00:00:00.000000000
507,132187,1.0,2079.0,1 days 00:00:00.000000000,,,,1.0,1494.0,
508,132447,1.0,11177.0,2 days 00:00:00.000000000,,,,,,
509,132971,1.0,9097.0,2 days 00:00:00.000000000,,,,,,
510,133115,3.0,13837.0,6 days 00:00:00.000000000,1.0,2144.0,1 days 00:00:00.000000000,2.0,8444.0,1 days 00:00:00.000000000
511,133215,1.0,5457.0,,,,,,,
512,133250,2.0,6693.0,2 days 00:00:00.000000000,1.0,3099.0,1 days 00:00:00.000000000,,,1 days 00:00:00.000000000
513,133399,3.0,22111.0,10 days 00:00:00.000000000,1.0,8835.0,4 days 00:00:00.000000000,,,4 days 00:00:00.000000000
514,133740,1.0,8206.0,3 days 00:00:00.000000000,,,,,,
515,134413,1.0,3054.0,,2.0,6108.0,1 days 00:00:00.000000000,3.0,10493.0,1 days 00:00:00.000000000
516,134588,1.0,2989.0,,,,,,,
517,134836,2.0,5848.0,2 days 00:00:00.000000000,4.0,11826.0,,1.0,2599.0,
518,134918,1.0,2253.0,1 days 00:00:00.000000000,,,,,,
519,135460,2.0,9799.0,1 days 00:00:00.000000000,,,,,,
520,135873,1.0,1559.0,1 days 00:00:00.000000000,2.0,6561.0,3 days 00:00:00.000000000,,,3 days 00:00:00.000000000
521,136170,1.0,3184.0,1 days 00:00:00.000000000,,,,1.0,1884.0,
522,136431,3.0,6952.0,2 days 00:00:00.000000000,,,,,,
523,136456,1.0,1559.0,1 days 00:00:00.000000000,,,,,,
524,137078,1.0,4742.0,,,,,,,
525,137115,1.0,1884.0,1 days 00:00:00.000000000,,,,,,
526,137366,1.0,3314.0,1 days 00:00:00.000000000,,,,,,
527,137438,1.0,6698.0,,,,,,,
528,137492,8.0,15986.0,7 days 00:00:00.000000000,7.0,15467.0,6 days 00:00:00.000000000,3.0,6367.0,6 days 00:00:00.000000000
529,137548,1.0,2469.0,1 days 00:00:00.000000000,,,,,,
530,137573,2.0,5393.0,,1.0,2144.0,,,,
531,137974,2.0,4223.0,2 days 00:00:00.000000000,,,,,,
532,138055,1.0,3249.0,1 days 00:00:00.000000000,1.0,3314.0,,,,
533,138579,1.0,91962.0,,,,,,,
534,138882,2.0,5781.0,2 days 00:00:00.000000000,,,,,,
535,139720,2.0,12539.0,,,,,,,
536,139865,1.0,2664.0,,1.0,14555.0,3 days 00:00:00.000000000,,,3 days 00:00:00.000000000
537,140493,12.0,51264.0,,8.0,40895.0,,13.0,77644.0,
538,140507,1.0,5327.0,,,,,1.0,5792.0,
539,140961,2.0,4782.0,1 days 00:00:00.000000000,1.0,1905.0,,,,
540,141064,1.0,2209.0,,1.0,1949.0,,,,
541,141373,2.0,4223.0,2 days 00:00:00.000000000,,,,1.0,3702.0,
542,141491,1.0,2274.0,1 days 00:00:00.000000000,,,,,,
543,141740,1.0,2404.0,,,,,3.0,6317.0,
544,141761,1.0,1754.0,,,,,,,
545,142186,1.0,1732.0,1 days 00:00:00.000000000,,,,1.0,1949.0,
546,142265,1.0,2989.0,,,,,,,
547,143237,1.0,2599.0,,,,,,,
548,143338,8.0,17087.0,8 days 00:00:00.000000000,,,,,,
549,143969,1.0,5977.0,2 days 00:00:00.000000000,,,,,,
550,143977,2.0,8054.0,2 days 00:00:00.000000000,,,,,,
551,144450,1.0,3509.0,1 days 00:00:00.000000000,,,,,,
552,144642,1.0,2079.0,1 days 00:00:00.000000000,,,,,,
553,145486,1.0,4939.0,,,,,,,
554,145504,1.0,3510.0,2 days 00:00:00.000000000,,,,,,
555,145744,2.0,4613.0,1 days 00:00:00.000000000,1.0,2339.0,1 days 00:00:00.000000000,3.0,6432.0,1 days 00:00:00.000000000
556,146584,1.0,2079.0,,,,,,,
557,146588,1.0,2859.0,1 days 00:00:00.000000000,,,,,,
558,146622,2.0,3963.0,2 days 00:00:00.000000000,2.0,4908.0,2 days 00:00:00.000000000,6.0,12084.0,2 days 00:00:00.000000000
559,148274,1.0,4547.0,2 days 00:00:00.000000000,,,,1.0,7601.0,
560,148275,1.0,1314.0,1 days 00:00:00.000000000,,,,1.0,1039.0,
561,148431,2.0,7018.0,2 days 00:00:00.000000000,,,,,,
562,149241,1.0,2989.0,1 days 00:00:00.000000000,,,,,,
563,150171,1.0,3509.0,,,,,,,
564,150731,1.0,26512.0,,,,,,,
565,150771,3.0,7147.0,1 days 00:00:00.000000000,1.0,2404.0,1 days 00:00:00.000000000,1.0,2339.0,1 days 00:00:00.000000000
566,150865,1.0,4484.0,,,,,,,
567,151220,1.0,3897.0,2 days 00:00:00.000000000,,,,,,
568,151502,1.0,2339.0,,,,,,,
569,151526,1.0,3704.0,,,,,,,
570,151754,1.0,1884.0,1 days 00:00:00.000000000,,,,2.0,7731.0,
571,151804,1.0,3236.0,,,,,,,
572,151818,1.0,2274.0,1 days 00:00:00.000000000,,,,,,
573,152290,1.0,2664.0,1 days 00:00:00.000000000,,,,,,
574,152455,1.0,6201.0,,,,,,,
575,152685,1.0,2757.0,,,,,,,
576,153421,6.0,19589.0,,,,,,,
577,153931,1.0,2079.0,,1.0,2079.0,,4.0,7543.0,
578,154248,2.0,4288.0,,,,,,,
579,154473,1.0,2924.0,1 days 00:00:00.000000000,,,,,,
580,154952,3.0,5496.0,2 days 00:00:00.000000000,,,,,,
581,155124,3.0,12280.0,,,,,,,
582,155186,1.0,1884.0,1 days 00:00:00.000000000,2.0,6366.0,3 days 00:00:00.000000000,,,3 days 00:00:00.000000000
583,155740,1.0,3769.0,,,,,,,
584,155955,1.0,1884.0,,,,,,,
585,156920,1.0,3379.0,,,,,,,
586,158040,1.0,6107.0,,,,,,,
587,158173,1.0,4744.0,1 days 00:00:00.000000000,,,,,,
588,158276,1.0,4549.0,1 days 00:00:00.000000000,,,,,,
589,159297,1.0,14815.0,,,,,,,
590,159422,1.0,2102.0,1 days 00:00:00.000000000,,,,,,
591,159675,1.0,6237.0,,,,,,,
592,160469,1.0,2014.0,,,,,,,
593,160575,1.0,2339.0,,,,,,,
594,160722,1.0,1819.0,1 days 00:00:00.000000000,1.0,1624.0,1 days 00:00:00.000000000,1.0,1494.0,1 days 00:00:00.000000000
595,161206,1.0,2859.0,1 days 00:00:00.000000000,1.0,2924.0,1 days 00:00:00.000000000,,,1 days 00:00:00.000000000
596,161333,1.0,1559.0,1 days 00:00:00.000000000,,,,,,
597,161755,1.0,1949.0,,,,,,,
598,162144,2.0,9486.0,2 days 00:00:00.000000000,1.0,3249.0,,2.0,5978.0,
599,162220,1.0,3985.0,1 days 00:00:00.000000000,,,,,,
600,162221,1.0,14035.0,,,,,,,
601,162418,1.0,4029.0,1 days 00:00:00.000000000,,,,,,
602,162727,1.0,2664.0,1 days 00:00:00.000000000,2.0,6303.0,1 days 00:00:00.000000000,,,1 days 00:00:00.000000000
603,162890,3.0,6887.0,2 days 00:00:00.000000000,1.0,2014.0,1 days 00:00:00.000000000,2.0,4483.0,1 days 00:00:00.000000000
604,162896,1.0,3463.0,2 days 00:00:00.000000000,,,,,,
605,163001,1.0,1819.0,1 days 00:00:00.000000000,,,,,,
606,163241,2.0,4028.0,1 days 00:00:00.000000000,,,,3.0,6562.0,
607,163261,1.0,2274.0,,,,,,,
608,163441,1.0,2209.0,1 days 00:00:00.000000000,,,,,,
609,163562,1.0,3588.0,1 days 00:00:00.000000000,,,,,,
610,163768,1.0,5457.0,2 days 00:00:00.000000000,,,,,,
611,163779,1.0,3119.0,1 days 00:00:00.000000000,,,,,,
612,164024,1.0,2924.0,1 days 00:00:00.000000000,,,,,,
613,164179,1.0,1998.0,1 days 00:00:00.000000000,,,,,,
614,164983,1.0,2785.0,1 days 00:00:00.000000000,,,,,,
615,165031,3.0,5977.0,2 days 00:00:00.000000000,2.0,3638.0,1 days 00:00:00.000000000,2.0,3963.0,1 days 00:00:00.000000000
616,165056,1.0,2469.0,1 days 00:00:00.000000000,,,,,,
617,165241,1.0,4677.0,,,,,,,
618,165303,1.0,2599.0,1 days 00:00:00.000000000,1.0,2664.0,,,,
619,166300,1.0,5004.0,1 days 00:00:00.000000000,2.0,9878.0,2 days 00:00:00.000000000,,,2 days 00:00:00.000000000
620,166643,1.0,2664.0,,,,,,,
621,166969,1.0,4029.0,,,,,,,
622,168301,2.0,4808.0,2 days 00:00:00.000000000,3.0,6432.0,3 days 00:00:00.000000000,2.0,4158.0,3 days 00:00:00.000000000
623,168358,1.0,4419.0,1 days 00:00:00.000000000,,,,,,
624,168886,1.0,2404.0,,,,,,,
625,168983,1.0,2201.0,,,,,,,
626,169224,1.0,5654.0,,,,,,,
627,169327,1.0,6482.0,2 days 00:00:00.000000000,,,,,,
628,170174,2.0,14036.0,,7.0,31646.0,7 days 00:00:00.000000000,,,7 days 00:00:00.000000000
629,170766,3.0,18775.0,,,,,,,
630,171124,1.0,2729.0,,,,,,,
631,171359,1.0,2404.0,1 days 00:00:00.000000000,1.0,3704.0,1 days 00:00:00.000000000,1.0,3379.0,1 days 00:00:00.000000000
632,171363,1.0,1859.0,1 days 00:00:00.000000000,,,,,,
633,171463,1.0,7016.0,3 days 00:00:00.000000000,,,,,,
634,171636,2.0,4158.0,1 days 00:00:00.000000000,,,,,,
635,171782,1.0,1754.0,1 days 00:00:00.000000000,,,,,,
636,171784,1.0,2664.0,1 days 00:00:00.000000000,1.0,3054.0,1 days 00:00:00.000000000,1.0,2014.0,1 days 00:00:00.000000000
637,172006,1.0,3752.0,1 days 00:00:00.000000000,,,,,,
638,172055,2.0,7473.0,2 days 00:00:00.000000000,1.0,2794.0,1 days 00:00:00.000000000,,,1 days 00:00:00.000000000
639,172653,1.0,1689.0,,2.0,12864.0,2 days 00:00:00.000000000,,,2 days 00:00:00.000000000
640,173243,3.0,8780.0,,,,,4.0,7419.0,
641,173521,1.0,7601.0,3 days 00:00:00.000000000,,,,,,
642,175626,1.0,2404.0,,,,,,,
643,177670,2.0,3638.0,1 days 00:00:00.000000000,,,,,,
644,177755,1.0,2209.0,1 days 00:00:00.000000000,,,,,,
645,177898,3.0,6173.0,1 days 00:00:00.000000000,,,,,,
646,178405,1.0,2274.0,1 days 00:00:00.000000000,,,,1.0,2339.0,
647,178968,1.0,1819.0,1 days 00:00:00.000000000,,,,,,
648,179662,1.0,3964.0,,,,,,,
649,179812,1.0,1819.0,1 days 00:00:00.000000000,,,,1.0,1708.0,
650,179988,1.0,5654.0,,,,,,,
651,180029,1.0,2404.0,1 days 00:00:00.000000000,,,,,,
652,180731,1.0,4607.0,2 days 00:00:00.000000000,,,,1.0,2414.0,
653,180948,1.0,1559.0,1 days 00:00:00.000000000,,,,,,
654,181249,1.0,1429.0,1 days 00:00:00.000000000,,,,2.0,2988.0,
655,181599,1.0,6360.0,4 days 00:00:00.000000000,1.0,5690.0,3 days 00:00:00.000000000,,,3 days 00:00:00.000000000
656,181839,1.0,1949.0,1 days 00:00:00.000000000,,,,,,
657,181852,1.0,1624.0,1 days 00:00:00.000000000,,,,,,
658,182041,1.0,1884.0,,,,,,,
659,182276,1.0,1980.0,1 days 00:00:00.000000000,,,,,,
660,182461,1.0,9747.0,,,,,,,
661,182493,1.0,2469.0,,,,,,,
662,182860,1.0,2014.0,1 days 00:00:00.000000000,1.0,1884.0,1 days 00:00:00.000000000,,,1 days 00:00:00.000000000
663,183245,1.0,5589.0,,,,,,,
664,183351,1.0,8528.0,4 days 00:00:00.000000000,2.0,13726.0,3 days 00:00:00.000000000,,,3 days 00:00:00.000000000
665,183557,1.0,2599.0,,1.0,2989.0,,,,
666,183919,1.0,2664.0,1 days 00:00:00.000000000,,,,1.0,3224.0,
667,184360,1.0,2989.0,,,,,,,
668,185192,1.0,4157.0,2 days 00:00:00.000000000,,,,,,
669,185389,1.0,3054.0,1 days 00:00:00.000000000,,,,,,
670,186088,1.0,3314.0,1 days 00:00:00.000000000,,,,,,
671,186338,1.0,8445.0,,,,,,,
672,186429,1.0,3964.0,,,,,,,
673,187164,1.0,2859.0,1 days 00:00:00.000000000,,,,,,
674,187489,1.0,2153.0,,,,,,,
675,188854,6.0,20079.0,3 days 00:00:00.000000000,3.0,9390.0,,7.0,22903.0,
676,189029,1.0,29049.0,,,,,,,
677,189124,1.0,2989.0,1 days 00:00:00.000000000,,,,,,
678,189288,1.0,1559.0,1 days 00:00:00.000000000,,,,2.0,10786.0,
679,189314,1.0,3160.0,,,,,2.0,6452.0,
680,189468,1.0,4417.0,2 days 00:00:00.000000000,,,,1.0,4742.0,
681,189707,2.0,11434.0,2 days 00:00:00.000000000,,,,,,
682,189769,2.0,11834.0,5 days 00:00:00.000000000,,,,,,
683,189822,1.0,1689.0,1 days 00:00:00.000000000,,,,,,
684,190136,1.0,1606.0,,1.0,2079.0,,,,
685,190191,2.0,8444.0,4 days 00:00:00.000000000,,,,2.0,6431.0,
686,190240,1.0,1689.0,1 days 00:00:00.000000000,,,,,,
687,190841,1.0,2270.0,1 days 00:00:00.000000000,,,,,,
688,191472,1.0,1689.0,,,,,,,
689,191500,1.0,2044.0,,,,,,,
690,191576,1.0,2018.0,1 days 00:00:00.000000000,,,,,,
691,191775,1.0,2079.0,1 days 00:00:00.000000000,,,,,,
692,192035,2.0,5133.0,2 days 00:00:00.000000000,,,,1.0,2274.0,
693,192084,3.0,7992.0,1 days 00:00:00.000000000,1.0,2847.0,,,,
694,192162,2.0,4483.0,1 days 00:00:00.000000000,,,,,,
695,192192,1.0,2209.0,1 days 00:00:00.000000000,,,,,,
696,192648,1.0,3336.0,,,,,,,
697,193036,3.0,27267.0,2 days 00:00:00.000000000,3.0,32242.0,5 days 00:00:00.000000000,6.0,58216.0,5 days 00:00:00.000000000
698,193136,1.0,2469.0,,2.0,6786.0,1 days 00:00:00.000000000,,,1 days 00:00:00.000000000
699,193175,3.0,9030.0,4 days 00:00:00.000000000,2.0,7471.0,3 days 00:00:00.000000000,1.0,4547.0,3 days 00:00:00.000000000
700,193742,1.0,3832.0,2 days 00:00:00.000000000,,,,,,
701,194124,1.0,1819.0,1 days 00:00:00.000000000,,,,,,
702,194263,1.0,2079.0,1 days 00:00:00.000000000,,,,,,
703,194812,1.0,6822.0,,,,,,,
704,195264,1.0,4289.0,,,,,,,
705,195338,1.0,2144.0,1 days 00:00:00.000000000,,,,,,
706,195339,1.0,1819.0,,1.0,1819.0,1 days 00:00:00.000000000,,,1 days 00:00:00.000000000
707,195741,1.0,2859.0,,,,,,,
708,195788,1.0,2014.0,,,,,,,
709,195924,2.0,5198.0,,,,,2.0,5133.0,
710,196020,1.0,2339.0,,,,,,,
711,196588,1.0,2734.0,1 days 00:00:00.000000000,,,,,,
712,197267,1.0,3964.0,1 days 00:00:00.000000000,,,,,,
713,197313,1.0,4157.0,2 days 00:00:00.000000000,,,,,,
714,197635,1.0,3897.0,2 days 00:00:00.000000000,,,,,,
715,197674,2.0,5263.0,1 days 00:00:00.000000000,,,,,,
716,198590,1.0,2144.0,1 days 00:00:00.000000000,,,,,,
717,198997,1.0,18057.0,,,,,,,
718,199293,1.0,2274.0,1 days 00:00:00.000000000,,,,,,
719,211,,,,1.0,1754.0,1 days 00:00:00.000000000,,,1 days 00:00:00.000000000
720,292,,,,1.0,5719.0,1 days 00:00:00.000000000,,,1 days 00:00:00.000000000
721,1731,,,,1.0,1819.0,1 days 00:00:00.000000000,,,1 days 00:00:00.000000000
722,2029,,,,1.0,3119.0,1 days 00:00:00.000000000,,,1 days 00:00:00.000000000
723,2161,,,,2.0,5458.0,,,,
724,2562,,,,1.0,3388.0,1 days 00:00:00.000000000,,,1 days 00:00:00.000000000
725,3207,,,,1.0,1819.0,1 days 00:00:00.000000000,5.0,10460.0,1 days 00:00:00.000000000
726,3288,,,,1.0,3637.0,,,,
727,3398,,,,1.0,5651.0,3 days 00:00:00.000000000,2.0,7016.0,3 days 00:00:00.000000000
728,3510,,,,1.0,2144.0,1 days 00:00:00.000000000,,,1 days 00:00:00.000000000
729,3574,,,,1.0,11531.0,5 days 00:00:00.000000000,,,5 days 00:00:00.000000000
730,3772,,,,1.0,1732.0,,,,
731,3846,,,,1.0,1608.0,,,,
732,4141,,,,1.0,12476.0,3 days 00:00:00.000000000,,,3 days 00:00:00.000000000
733,4473,,,,1.0,2144.0,,,,
734,5397,,,,1.0,5756.0,2 days 00:00:00.000000000,2.0,3938.0,2 days 00:00:00.000000000
735,5633,,,,1.0,1624.0,1 days 00:00:00.000000000,,,1 days 00:00:00.000000000
736,6006,,,,1.0,2404.0,,1.0,1884.0,
737,6085,,,,2.0,4182.0,2 days 00:00:00.000000000,,,2 days 00:00:00.000000000
738,6114,,,,1.0,1856.0,1 days 00:00:00.000000000,,,1 days 00:00:00.000000000
739,6317,,,,1.0,6757.0,,,,
740,6845,,,,2.0,3118.0,2 days 00:00:00.000000000,,,2 days 00:00:00.000000000
741,6892,,,,1.0,1949.0,1 days 00:00:00.000000000,,,1 days 00:00:00.000000000
742,7105,,,,1.0,2816.0,1 days 00:00:00.000000000,,,1 days 00:00:00.000000000
743,7310,,,,1.0,4417.0,,,,
744,7443,,,,1.0,3054.0,1 days 00:00:00.000000000,,,1 days 00:00:00.000000000
745,7592,,,,3.0,6237.0,2 days 00:00:00.000000000,,,2 days 00:00:00.000000000
746,7845,,,,1.0,2011.0,1 days 00:00:00.000000000,,,1 days 00:00:00.000000000
747,8611,,,,1.0,5847.0,2 days 00:00:00.000000000,,,2 days 00:00:00.000000000
748,8680,,,,1.0,6934.0,,,,
749,8704,,,,2.0,5068.0,1 days 00:00:00.000000000,5.0,31508.0,1 days 00:00:00.000000000
750,8864,,,,1.0,2664.0,,1.0,1676.0,
751,9065,,,,1.0,7149.0,3 days 00:00:00.000000000,,,3 days 00:00:00.000000000
752,9108,,,,1.0,2469.0,,,,
753,9187,,,,1.0,3379.0,,,,
754,9330,,,,2.0,6658.0,1 days 00:00:00.000000000,3.0,14097.0,1 days 00:00:00.000000000
755,9560,,,,1.0,1364.0,,,,
756,9858,,,,4.0,7703.0,4 days 00:00:00.000000000,2.0,8703.0,4 days 00:00:00.000000000
757,9894,,,,1.0,2989.0,1 days 00:00:00.000000000,,,1 days 00:00:00.000000000
758,10362,,,,3.0,5652.0,2 days 00:00:00.000000000,4.0,8814.0,2 days 00:00:00.000000000
759,10629,,,,2.0,4288.0,1 days 00:00:00.000000000,1.0,1039.0,1 days 00:00:00.000000000
760,10757,,,,1.0,3184.0,,,,
761,10815,,,,1.0,4157.0,2 days 00:00:00.000000000,,,2 days 00:00:00.000000000
762,10965,,,,3.0,7281.0,1 days 00:00:00.000000000,,,1 days 00:00:00.000000000
763,11025,,,,2.0,3963.0,2 days 00:00:00.000000000,,,2 days 00:00:00.000000000
764,12114,,,,1.0,2491.0,1 days 00:00:00.000000000,,,1 days 00:00:00.000000000
765,12377,,,,1.0,11565.0,,1.0,6042.0,
766,12484,,,,1.0,2534.0,,,,
767,12790,,,,1.0,4116.0,2 days 00:00:00.000000000,,,2 days 00:00:00.000000000
768,13060,,,,1.0,2404.0,1 days 00:00:00.000000000,,,1 days 00:00:00.000000000
769,13359,,,,1.0,1888.0,1 days 00:00:00.000000000,,,1 days 00:00:00.000000000
770,13380,,,,1.0,1976.0,,,,
771,13605,,,,1.0,2204.0,1 days 00:00:00.000000000,,,1 days 00:00:00.000000000
772,13678,,,,1.0,6564.0,1 days 00:00:00.000000000,,,1 days 00:00:00.000000000
773,14557,,,,3.0,22610.0,3 days 00:00:00.000000000,,,3 days 00:00:00.000000000
774,14674,,,,1.0,2508.0,,,,
775,14708,,,,1.0,4807.0,2 days 00:00:00.000000000,,,2 days 00:00:00.000000000
776,14874,,,,1.0,12735.0,4 days 00:00:00.000000000,,,4 days 00:00:00.000000000
777,15447,,,,3.0,5192.0,3 days 00:00:00.000000000,2.0,6169.0,3 days 00:00:00.000000000
778,15573,,,,1.0,2404.0,,,,
779,15620,,,,1.0,1949.0,1 days 00:00:00.000000000,,,1 days 00:00:00.000000000
780,16603,,,,1.0,3314.0,,,,
781,16812,,,,1.0,1392.0,,,,
782,16954,,,,1.0,6513.0,3 days 00:00:00.000000000,,,3 days 00:00:00.000000000
783,16959,,,,1.0,2144.0,1 days 00:00:00.000000000,,,1 days 00:00:00.000000000
784,17092,,,,1.0,2144.0,1 days 00:00:00.000000000,,,1 days 00:00:00.000000000
785,17106,,,,1.0,2079.0,1 days 00:00:00.000000000,,,1 days 00:00:00.000000000
786,17784,,,,1.0,7277.0,,,,
787,17980,,,,2.0,6382.0,1 days 00:00:00.000000000,,,1 days 00:00:00.000000000
788,18139,,,,1.0,2664.0,,,,
789,18261,,,,1.0,2014.0,,,,
790,18934,,,,1.0,3054.0,,,,
791,19309,,,,1.0,4157.0,,,,
792,19588,,,,1.0,2469.0,1 days 00:00:00.000000000,,,1 days 00:00:00.000000000
793,19760,,,,1.0,1888.0,1 days 00:00:00.000000000,,,1 days 00:00:00.000000000
794,19783,,,,1.0,2794.0,1 days 00:00:00.000000000,,,1 days 00:00:00.000000000
795,19795,,,,1.0,1888.0,1 days 00:00:00.000000000,,,1 days 00:00:00.000000000
796,19943,,,,1.0,3574.0,1 days 00:00:00.000000000,,,1 days 00:00:00.000000000
797,20003,,,,1.0,1624.0,1 days 00:00:00.000000000,,,1 days 00:00:00.000000000
798,20223,,,,1.0,1993.0,1 days 00:00:00.000000000,,,1 days 00:00:00.000000000
799,20319,,,,1.0,13056.0,7 days 00:00:00.000000000,,,7 days 00:00:00.000000000
800,20754,,,,1.0,2664.0,1 days 00:00:00.000000000,,,1 days 00:00:00.000000000
801,20855,,,,2.0,5068.0,1 days 00:00:00.000000000,,,1 days 00:00:00.000000000
802,21219,,,,1.0,5717.0,2 days 00:00:00.000000000,,,2 days 00:00:00.000000000
803,21366,,,,1.0,5199.0,1 days 00:00:00.000000000,,,1 days 00:00:00.000000000
804,22782,,,,1.0,2209.0,1 days 00:00:00.000000000,,,1 days 00:00:00.000000000
805,22844,,,,1.0,2664.0,1 days 00:00:00.000000000,,,1 days 00:00:00.000000000
806,22852,,,,1.0,2534.0,,,,
807,23393,,,,1.0,4679.0,,,,
808,23493,,,,1.0,2370.0,1 days 00:00:00.000000000,1.0,2404.0,1 days 00:00:00.000000000
809,23689,,,,1.0,4287.0,,,,
810,24154,,,,1.0,2729.0,,,,
811,24587,,,,1.0,1754.0,1 days 00:00:00.000000000,,,1 days 00:00:00.000000000
812,24749,,,,1.0,2192.0,1 days 00:00:00.000000000,,,1 days 00:00:00.000000000
813,24964,,,,1.0,2079.0,1 days 00:00:00.000000000,,,1 days 00:00:00.000000000
814,25734,,,,1.0,2989.0,,,,
815,25812,,,,1.0,3769.0,,,,
816,25876,,,,2.0,17934.0,,1.0,2144.0,
817,26389,,,,3.0,7927.0,3 days 00:00:00.000000000,4.0,9031.0,3 days 00:00:00.000000000
818,26860,,,,1.0,2469.0,1 days 00:00:00.000000000,,,1 days 00:00:00.000000000
819,27112,,,,1.0,6237.0,2 days 00:00:00.000000000,,,2 days 00:00:00.000000000
820,27328,,,,1.0,14360.0,3 days 00:00:00.000000000,,,3 days 00:00:00.000000000
821,27435,,,,1.0,5197.0,,,,
822,27465,,,,1.0,5134.0,,,,
823,27492,,,,1.0,2794.0,1 days 00:00:00.000000000,5.0,9980.0,1 days 00:00:00.000000000
824,27527,,,,2.0,3833.0,1 days 00:00:00.000000000,,,1 days 00:00:00.000000000
825,27876,,,,1.0,2283.0,1 days 00:00:00.000000000,,,1 days 00:00:00.000000000
826,27905,,,,1.0,2664.0,1 days 00:00:00.000000000,1.0,3986.0,1 days 00:00:00.000000000
827,28621,,,,1.0,3466.0,,,,
828,30453,,,,2.0,8052.0,5 days 00:00:00.000000000,,,5 days 00:00:00.000000000
829,30499,,,,1.0,10587.0,4 days 00:00:00.000000000,,,4 days 00:00:00.000000000
830,30922,,,,1.0,9617.0,2 days 00:00:00.000000000,,,2 days 00:00:00.000000000
831,30990,,,,1.0,1884.0,,,,
832,31136,,,,1.0,2664.0,1 days 00:00:00.000000000,1.0,1594.0,1 days 00:00:00.000000000
833,31316,,,,1.0,2209.0,1 days 00:00:00.000000000,1.0,2469.0,1 days 00:00:00.000000000
834,31412,,,,1.0,2029.0,1 days 00:00:00.000000000,1.0,1949.0,1 days 00:00:00.000000000
835,31583,,,,1.0,3834.0,1 days 00:00:00.000000000,,,1 days 00:00:00.000000000
836,32005,,,,1.0,1884.0,1 days 00:00:00.000000000,,,1 days 00:00:00.000000000
837,32189,,,,1.0,2596.0,1 days 00:00:00.000000000,,,1 days 00:00:00.000000000
838,32581,,,,1.0,3448.0,,,,
839,32661,,,,1.0,2506.0,1 days 00:00:00.000000000,,,1 days 00:00:00.000000000
840,32772,,,,1.0,3507.0,,,,
841,33086,,,,1.0,2794.0,1 days 00:00:00.000000000,,,1 days 00:00:00.000000000
842,33558,,,,1.0,4360.0,2 days 00:00:00.000000000,1.0,1560.0,2 days 00:00:00.000000000
843,33657,,,,1.0,2469.0,,,,
844,34224,,,,1.0,3249.0,,,,
845,35737,,,,1.0,2079.0,,,,
846,36096,,,,1.0,10721.0,3 days 00:00:00.000000000,,,3 days 00:00:00.000000000
847,36152,,,,2.0,3948.0,2 days 00:00:00.000000000,,,2 days 00:00:00.000000000
848,36635,,,,2.0,8094.0,3 days 00:00:00.000000000,,,3 days 00:00:00.000000000
849,37171,,,,1.0,1689.0,1 days 00:00:00.000000000,,,1 days 00:00:00.000000000
850,37618,,,,2.0,8708.0,1 days 00:00:00.000000000,,,1 days 00:00:00.000000000
851,37622,,,,1.0,8057.0,2 days 00:00:00.000000000,,,2 days 00:00:00.000000000
852,37827,,,,1.0,12475.0,,,,
853,38145,,,,1.0,2469.0,1 days 00:00:00.000000000,,,1 days 00:00:00.000000000
854,38832,,,,1.0,1386.0,1 days 00:00:00.000000000,,,1 days 00:00:00.000000000
855,38837,,,,1.0,2989.0,,,,
856,40195,,,,1.0,2274.0,1 days 00:00:00.000000000,,,1 days 00:00:00.000000000
857,40906,,,,1.0,2573.0,1 days 00:00:00.000000000,,,1 days 00:00:00.000000000
858,40981,,,,1.0,5719.0,1 days 00:00:00.000000000,1.0,3119.0,1 days 00:00:00.000000000
859,41023,,,,1.0,3444.0,,,,
860,41034,,,,1.0,2339.0,1 days 00:00:00.000000000,1.0,7732.0,1 days 00:00:00.000000000
861,41043,,,,2.0,8188.0,,,,
862,41627,,,,1.0,2079.0,1 days 00:00:00.000000000,1.0,2306.0,1 days 00:00:00.000000000
863,41895,,,,1.0,2796.0,,,,
864,42287,,,,1.0,2144.0,1 days 00:00:00.000000000,,,1 days 00:00:00.000000000
865,42513,,,,1.0,2274.0,,,,
866,42520,,,,1.0,2144.0,1 days 00:00:00.000000000,,,1 days 00:00:00.000000000
867,42849,,,,1.0,2144.0,,,,
868,43107,,,,2.0,9683.0,1 days 00:00:00.000000000,1.0,4419.0,1 days 00:00:00.000000000
869,43620,,,,1.0,5717.0,2 days 00:00:00.000000000,,,2 days 00:00:00.000000000
870,43860,,,,1.0,2558.0,1 days 00:00:00.000000000,,,1 days 00:00:00.000000000
871,43966,,,,1.0,1685.0,1 days 00:00:00.000000000,,,1 days 00:00:00.000000000
872,44087,,,,1.0,18455.0,,,,
873,45090,,,,1.0,5654.0,1 days 00:00:00.000000000,,,1 days 00:00:00.000000000
874,45318,,,,1.0,2794.0,1 days 00:00:00.000000000,,,1 days 00:00:00.000000000
875,45386,,,,1.0,1977.0,,,,
876,45569,,,,2.0,4808.0,1 days 00:00:00.000000000,,,1 days 00:00:00.000000000
877,45602,,,,2.0,5978.0,1 days 00:00:00.000000000,,,1 days 00:00:00.000000000
878,45817,,,,1.0,4287.0,,,,
879,45876,,,,1.0,2144.0,1 days 00:00:00.000000000,,,1 days 00:00:00.000000000
880,45972,,,,1.0,4419.0,1 days 00:00:00.000000000,,,1 days 00:00:00.000000000
881,46095,,,,1.0,29375.0,12 days 00:00:00.000000000,,,12 days 00:00:00.000000000
882,46097,,,,1.0,5132.0,2 days 00:00:00.000000000,,,2 days 00:00:00.000000000
883,46179,,,,1.0,2144.0,,,,
884,46434,,,,1.0,7602.0,2 days 00:00:00.000000000,,,2 days 00:00:00.000000000
885,46444,,,,1.0,11435.0,,,,
886,46857,,,,1.0,3851.0,1 days 00:00:00.000000000,,,1 days 00:00:00.000000000
887,46976,,,,1.0,5134.0,1 days 00:00:00.000000000,1.0,5654.0,1 days 00:00:00.000000000
888,47054,,,,1.0,2209.0,1 days 00:00:00.000000000,,,1 days 00:00:00.000000000
889,47276,,,,1.0,3229.0,,,,
890,47342,,,,2.0,11692.0,5 days 00:00:00.000000000,,,5 days 00:00:00.000000000
891,47396,,,,1.0,10135.0,4 days 00:00:00.000000000,,,4 days 00:00:00.000000000
892,47695,,,,1.0,2469.0,1 days 00:00:00.000000000,,,1 days 00:00:00.000000000
893,48403,,,,1.0,2989.0,,,,
894,48657,,,,1.0,2857.0,2 days 00:00:00.000000000,,,2 days 00:00:00.000000000
895,48802,,,,1.0,3054.0,,,,
896,49194,,,,1.0,1872.0,,,,
897,49454,,,,1.0,2582.0,,,,
898,49800,,,,1.0,2209.0,,,,
899,50009,,,,1.0,7602.0,2 days 00:00:00.000000000,,,2 days 00:00:00.000000000
900,50187,,,,1.0,2794.0,1 days 00:00:00.000000000,,,1 days 00:00:00.000000000
901,50396,,,,1.0,3899.0,1 days 00:00:00.000000000,,,1 days 00:00:00.000000000
902,50471,,,,1.0,3119.0,1 days 00:00:00.000000000,,,1 days 00:00:00.000000000
903,50501,,,,1.0,5145.0,2 days 00:00:00.000000000,,,2 days 00:00:00.000000000
904,50594,,,,1.0,1949.0,,,,
905,50957,,,,1.0,2599.0,,,,
906,50981,,,,1.0,2664.0,,,,
907,51090,,,,1.0,2035.0,,,,
908,51367,,,,1.0,5004.0,1 days 00:00:00.000000000,1.0,2802.0,1 days 00:00:00.000000000
909,51525,,,,1.0,11887.0,4 days 00:00:00.000000000,,,4 days 00:00:00.000000000
910,51963,,,,2.0,3378.0,2 days 00:00:00.000000000,,,2 days 00:00:00.000000000
911,52262,,,,1.0,2274.0,,,,
912,52447,,,,1.0,2136.0,,,,
913,52555,,,,1.0,1689.0,1 days 00:00:00.000000000,,,1 days 00:00:00.000000000
914,52617,,,,1.0,5327.0,2 days 00:00:00.000000000,1.0,5392.0,2 days 00:00:00.000000000
915,52680,,,,2.0,22353.0,6 days 00:00:00.000000000,,,6 days 00:00:00.000000000
916,52850,,,,1.0,14149.0,4 days 00:00:00.000000000,,,4 days 00:00:00.000000000
917,53008,,,,2.0,6628.0,,1.0,3314.0,
918,54065,,,,2.0,4678.0,2 days 00:00:00.000000000,1.0,2144.0,2 days 00:00:00.000000000
919,54134,,,,1.0,2274.0,,,,
920,54218,,,,2.0,4743.0,,,,
921,54504,,,,1.0,7796.0,,,,
922,55384,,,,1.0,6367.0,,,,
923,55452,,,,2.0,9094.0,2 days 00:00:00.000000000,,,2 days 00:00:00.000000000
924,55556,,,,1.0,2339.0,,,,
925,55575,,,,1.0,3184.0,1 days 00:00:00.000000000,,,1 days 00:00:00.000000000
926,55576,,,,1.0,1949.0,1 days 00:00:00.000000000,,,1 days 00:00:00.000000000
927,55815,,,,1.0,2469.0,1 days 00:00:00.000000000,,,1 days 00:00:00.000000000
928,56000,,,,1.0,7734.0,3 days 00:00:00.000000000,,,3 days 00:00:00.000000000
929,56894,,,,2.0,5263.0,2 days 00:00:00.000000000,2.0,4028.0,2 days 00:00:00.000000000
930,57004,,,,1.0,3286.0,1 days 00:00:00.000000000,,,1 days 00:00:00.000000000
931,57335,,,,2.0,3183.0,1 days 00:00:00.000000000,,,1 days 00:00:00.000000000
932,57438,,,,1.0,8575.0,4 days 00:00:00.000000000,,,4 days 00:00:00.000000000
933,58187,,,,1.0,2014.0,1 days 00:00:00.000000000,,,1 days 00:00:00.000000000
934,58754,,,,1.0,1429.0,,,,
935,58858,,,,2.0,7861.0,3 days 00:00:00.000000000,,,3 days 00:00:00.000000000
936,58871,,,,1.0,2339.0,1 days 00:00:00.000000000,,,1 days 00:00:00.000000000
937,59828,,,,1.0,3194.0,1 days 00:00:00.000000000,,,1 days 00:00:00.000000000
938,59986,,,,1.0,3054.0,1 days 00:00:00.000000000,1.0,2209.0,1 days 00:00:00.000000000
939,60211,,,,1.0,2469.0,,,,
940,60395,,,,3.0,5067.0,3 days 00:00:00.000000000,,,3 days 00:00:00.000000000
941,60635,,,,1.0,2209.0,1 days 00:00:00.000000000,,,1 days 00:00:00.000000000
942,60864,,,,1.0,10527.0,2 days 00:00:00.000000000,,,2 days 00:00:00.000000000
943,61353,,,,1.0,2924.0,1 days 00:00:00.000000000,,,1 days 00:00:00.000000000
944,61550,,,,1.0,6627.0,,,,
945,61856,,,,2.0,13054.0,3 days 00:00:00.000000000,,,3 days 00:00:00.000000000
946,61890,,,,2.0,5328.0,2 days 00:00:00.000000000,,,2 days 00:00:00.000000000
947,62006,,,,3.0,13870.0,3 days 00:00:00.000000000,,,3 days 00:00:00.000000000
948,63082,,,,2.0,4507.0,1 days 00:00:00.000000000,,,1 days 00:00:00.000000000
949,63372,,,,1.0,1903.0,1 days 00:00:00.000000000,,,1 days 00:00:00.000000000
950,63731,,,,1.0,2469.0,1 days 00:00:00.000000000,,,1 days 00:00:00.000000000
951,63907,,,,1.0,2664.0,1 days 00:00:00.000000000,1.0,2794.0,1 days 00:00:00.000000000
952,64143,,,,1.0,3704.0,1 days 00:00:00.000000000,,,1 days 00:00:00.000000000
953,64673,,,,1.0,4224.0,1 days 00:00:00.000000000,,,1 days 00:00:00.000000000
954,64784,,,,1.0,6107.0,,,,
955,65242,,,,1.0,1494.0,,,,
956,65516,,,,1.0,2144.0,,,,
957,65977,,,,1.0,3249.0,1 days 00:00:00.000000000,,,1 days 00:00:00.000000000
958,66108,,,,1.0,3119.0,,,,
959,66598,,,,1.0,3184.0,1 days 00:00:00.000000000,,,1 days 00:00:00.000000000
960,67529,,,,1.0,2664.0,1 days 00:00:00.000000000,1.0,1299.0,1 days 00:00:00.000000000
961,67635,,,,1.0,2989.0,,,,
962,67744,,,,1.0,1664.0,1 days 00:00:00.000000000,,,1 days 00:00:00.000000000
963,67747,,,,1.0,3463.0,2 days 00:00:00.000000000,,,2 days 00:00:00.000000000
964,68109,,,,2.0,3785.0,1 days 00:00:00.000000000,,,1 days 00:00:00.000000000
965,68265,,,,1.0,2443.0,,,,
966,68688,,,,1.0,8596.0,2 days 00:00:00.000000000,,,2 days 00:00:00.000000000
967,68720,,,,1.0,2339.0,1 days 00:00:00.000000000,,,1 days 00:00:00.000000000
968,69059,,,,1.0,9747.0,2 days 00:00:00.000000000,1.0,10397.0,2 days 00:00:00.000000000
969,69202,,,,1.0,2469.0,1 days 00:00:00.000000000,1.0,2534.0,1 days 00:00:00.000000000
970,69522,,,,1.0,1936.0,1 days 00:00:00.000000000,,,1 days 00:00:00.000000000
971,69723,,,,1.0,1494.0,1 days 00:00:00.000000000,,,1 days 00:00:00.000000000
972,69807,,,,1.0,4027.0,2 days 00:00:00.000000000,,,2 days 00:00:00.000000000
973,69881,,,,1.0,3379.0,,,,
974,69975,,,,1.0,1689.0,1 days 00:00:00.000000000,,,1 days 00:00:00.000000000
975,70196,,,,1.0,2339.0,,,,
976,70263,,,,1.0,3416.0,1 days 00:00:00.000000000,,,1 days 00:00:00.000000000
977,70944,,,,1.0,4677.0,2 days 00:00:00.000000000,,,2 days 00:00:00.000000000
978,71982,,,,1.0,2989.0,,,,
979,72061,,,,2.0,7018.0,2 days 00:00:00.000000000,1.0,3054.0,2 days 00:00:00.000000000
980,72186,,,,1.0,2327.0,,,,
981,72844,,,,1.0,4593.0,1 days 00:00:00.000000000,1.0,4159.0,1 days 00:00:00.000000000
982,72883,,,,1.0,2534.0,1 days 00:00:00.000000000,,,1 days 00:00:00.000000000
983,73006,,,,4.0,17675.0,2 days 00:00:00.000000000,,,2 days 00:00:00.000000000
984,73210,,,,1.0,4354.0,1 days 00:00:00.000000000,,,1 days 00:00:00.000000000
985,73278,,,,1.0,1299.0,1 days 00:00:00.000000000,,,1 days 00:00:00.000000000
986,73902,,,,1.0,2664.0,,,,
987,74343,,,,1.0,2404.0,,,,
988,74427,,,,2.0,7731.0,,,,
989,75141,,,,1.0,2274.0,1 days 00:00:00.000000000,,,1 days 00:00:00.000000000
990,75173,,,,1.0,2729.0,1 days 00:00:00.000000000,,,1 days 00:00:00.000000000
991,75341,,,,1.0,3897.0,2 days 00:00:00.000000000,,,2 days 00:00:00.000000000
992,75795,,,,1.0,3656.0,2 days 00:00:00.000000000,,,2 days 00:00:00.000000000
993,76046,,,,1.0,3316.0,,1.0,2924.0,
994,76262,,,,1.0,3588.0,1 days 00:00:00.000000000,,,1 days 00:00:00.000000000
995,76269,,,,1.0,7537.0,,,,
996,76786,,,,1.0,2144.0,,,,
997,76917,,,,1.0,1754.0,1 days 00:00:00.000000000,,,1 days 00:00:00.000000000
998,77061,,,,1.0,4547.0,,1.0,2859.0,
999,77175,,,,1.0,3557.0,2 days 00:00:00.000000000,,,2 days 00:00:00.000000000
1000,77901,,,,1.0,2573.0,1 days 00:00:00.000000000,1.0,2675.0,1 days 00:00:00.000000000
1001,78365,,,,7.0,16308.0,7 days 00:00:00.000000000,12.0,28196.0,7 days 00:00:00.000000000
1002,78447,,,,1.0,7322.0,,,,
1003,78706,,,,1.0,1949.0,1 days 00:00:00.000000000,,,1 days 00:00:00.000000000
1004,78708,,,,2.0,7016.0,1 days 00:00:00.000000000,,,1 days 00:00:00.000000000
1005,78903,,,,1.0,8382.0,2 days 00:00:00.000000000,,,2 days 00:00:00.000000000
1006,79319,,,,1.0,2339.0,,,,
1007,79346,,,,1.0,4874.0,1 days 00:00:00.000000000,,,1 days 00:00:00.000000000
1008,79434,,,,1.0,3639.0,1 days 00:00:00.000000000,,,1 days 00:00:00.000000000
1009,79500,,,,1.0,5018.0,2 days 00:00:00.000000000,,,2 days 00:00:00.000000000
1010,79732,,,,1.0,2339.0,,,,
1011,82104,,,,1.0,1754.0,,,,
1012,82195,,,,1.0,2534.0,,,,
1013,82206,,,,1.0,3964.0,1 days 00:00:00.000000000,,,1 days 00:00:00.000000000
1014,83024,,,,1.0,2144.0,,,,
1015,83516,,,,1.0,2664.0,1 days 00:00:00.000000000,,,1 days 00:00:00.000000000
1016,84630,,,,1.0,16240.0,6 days 00:00:00.000000000,,,6 days 00:00:00.000000000
1017,85093,,,,1.0,2794.0,1 days 00:00:00.000000000,,,1 days 00:00:00.000000000
1018,85431,,,,1.0,2534.0,1 days 00:00:00.000000000,1.0,2171.0,1 days 00:00:00.000000000
1019,85699,,,,1.0,4354.0,1 days 00:00:00.000000000,,,1 days 00:00:00.000000000
1020,85993,,,,2.0,4288.0,1 days 00:00:00.000000000,,,1 days 00:00:00.000000000
1021,86029,,,,1.0,3769.0,1 days 00:00:00.000000000,,,1 days 00:00:00.000000000
1022,86187,,,,1.0,2469.0,1 days 00:00:00.000000000,,,1 days 00:00:00.000000000
1023,86273,,,,1.0,2469.0,1 days 00:00:00.000000000,,,1 days 00:00:00.000000000
1024,86456,,,,1.0,4092.0,2 days 00:00:00.000000000,,,2 days 00:00:00.000000000
1025,86889,,,,1.0,1732.0,,,,
1026,87373,,,,1.0,4352.0,,,,
1027,87734,,,,1.0,2339.0,1 days 00:00:00.000000000,1.0,2664.0,1 days 00:00:00.000000000
1028,88424,,,,1.0,2014.0,,1.0,1364.0,
1029,90112,,,,2.0,7796.0,3 days 00:00:00.000000000,,,3 days 00:00:00.000000000
1030,90622,,,,1.0,5654.0,1 days 00:00:00.000000000,,,1 days 00:00:00.000000000
1031,91232,,,,1.0,1819.0,,,,
1032,91632,,,,1.0,4417.0,2 days 00:00:00.000000000,,,2 days 00:00:00.000000000
1033,92417,,,,1.0,2079.0,1 days 00:00:00.000000000,,,1 days 00:00:00.000000000
1034,92694,,,,2.0,5588.0,1 days 00:00:00.000000000,,,1 days 00:00:00.000000000
1035,93021,,,,3.0,9747.0,2 days 00:00:00.000000000,,,2 days 00:00:00.000000000
1036,93346,,,,1.0,3574.0,1 days 00:00:00.000000000,,,1 days 00:00:00.000000000
1037,93351,,,,1.0,2687.0,1 days 00:00:00.000000000,,,1 days 00:00:00.000000000
1038,93374,,,,2.0,7679.0,4 days 00:00:00.000000000,,,4 days 00:00:00.000000000
1039,93801,,,,1.0,2220.0,1 days 00:00:00.000000000,,,1 days 00:00:00.000000000
1040,94413,,,,1.0,3184.0,1 days 00:00:00.000000000,,,1 days 00:00:00.000000000
1041,94430,,,,1.0,6626.0,,,,
1042,94520,,,,1.0,4441.0,2 days 00:00:00.000000000,,,2 days 00:00:00.000000000
1043,94861,,,,1.0,2599.0,1 days 00:00:00.000000000,,,1 days 00:00:00.000000000
1044,95557,,,,1.0,6887.0,2 days 00:00:00.000000000,,,2 days 00:00:00.000000000
1045,95960,,,,1.0,2553.0,1 days 00:00:00.000000000,,,1 days 00:00:00.000000000
1046,96030,,,,1.0,4612.0,2 days 00:00:00.000000000,1.0,2599.0,2 days 00:00:00.000000000
1047,96803,,,,1.0,8510.0,3 days 00:00:00.000000000,,,3 days 00:00:00.000000000
1048,97745,,,,1.0,2339.0,,,,
1049,97841,,,,1.0,2685.0,,,,
1050,98551,,,,1.0,2339.0,1 days 00:00:00.000000000,,,1 days 00:00:00.000000000
1051,98785,,,,1.0,2924.0,1 days 00:00:00.000000000,,,1 days 00:00:00.000000000
1052,99071,,,,1.0,5652.0,2 days 00:00:00.000000000,,,2 days 00:00:00.000000000
1053,100305,,,,1.0,5392.0,2 days 00:00:00.000000000,,,2 days 00:00:00.000000000
1054,101051,,,,1.0,2924.0,1 days 00:00:00.000000000,,,1 days 00:00:00.000000000
1055,101446,,,,2.0,4548.0,,,,
1056,102793,,,,1.0,5199.0,1 days 00:00:00.000000000,,,1 days 00:00:00.000000000
1057,103227,,,,1.0,3117.0,,,,
1058,104160,,,,3.0,62711.0,6 days 00:00:00.000000000,,,6 days 00:00:00.000000000
1059,104980,,,,2.0,2868.0,1 days 00:00:00.000000000,,,1 days 00:00:00.000000000
1060,105620,,,,3.0,8772.0,2 days 00:00:00.000000000,,,2 days 00:00:00.000000000
1061,105919,,,,1.0,5533.0,,,,
1062,106295,,,,1.0,2924.0,1 days 00:00:00.000000000,,,1 days 00:00:00.000000000
1063,106508,,,,3.0,8447.0,2 days 00:00:00.000000000,,,2 days 00:00:00.000000000
1064,106583,,,,1.0,4484.0,1 days 00:00:00.000000000,,,1 days 00:00:00.000000000
1065,106720,,,,1.0,9682.0,,,,
1066,107041,,,,2.0,5004.0,1 days 00:00:00.000000000,1.0,2664.0,1 days 00:00:00.000000000
1067,107622,,,,1.0,2664.0,1 days 00:00:00.000000000,,,1 days 00:00:00.000000000
1068,109142,,,,1.0,2794.0,1 days 00:00:00.000000000,,,1 days 00:00:00.000000000
1069,109602,,,,1.0,2664.0,,,,
1070,110482,,,,2.0,17216.0,9 days 00:00:00.000000000,,,9 days 00:00:00.000000000
1071,110810,,,,1.0,1884.0,1 days 00:00:00.000000000,,,1 days 00:00:00.000000000
1072,112410,,,,1.0,2469.0,,,,
1073,112514,,,,1.0,10785.0,,,,
1074,112619,,,,3.0,8577.0,,,,
1075,113815,,,,2.0,7148.0,2 days 00:00:00.000000000,,,2 days 00:00:00.000000000
1076,113931,,,,1.0,13387.0,2 days 00:00:00.000000000,,,2 days 00:00:00.000000000
1077,114366,,,,1.0,2209.0,,,,
1078,115233,,,,1.0,10527.0,2 days 00:00:00.000000000,,,2 days 00:00:00.000000000
1079,116379,,,,1.0,2274.0,1 days 00:00:00.000000000,,,1 days 00:00:00.000000000
1080,116510,,,,1.0,1884.0,1 days 00:00:00.000000000,,,1 days 00:00:00.000000000
1081,117555,,,,1.0,9617.0,,,,
1082,118645,,,,1.0,1560.0,,,,
1083,118827,,,,1.0,2404.0,,3.0,5262.0,
1084,119953,,,,1.0,7797.0,,,,
1085,121362,,,,1.0,6821.0,,,,
1086,121442,,,,1.0,1299.0,,,,
1087,121461,,,,2.0,10134.0,,,,
1088,121536,,,,1.0,1884.0,,,,
1089,121698,,,,1.0,2354.0,1 days 00:00:00.000000000,1.0,2293.0,1 days 00:00:00.000000000
1090,122111,,,,2.0,11369.0,2 days 00:00:00.000000000,,,2 days 00:00:00.000000000
1091,122969,,,,1.0,2144.0,1 days 00:00:00.000000000,,,1 days 00:00:00.000000000
1092,123102,,,,1.0,1836.0,1 days 00:00:00.000000000,,,1 days 00:00:00.000000000
1093,124084,,,,1.0,2989.0,,,,
1094,124252,,,,2.0,6164.0,1 days 00:00:00.000000000,,,1 days 00:00:00.000000000
1095,126588,,,,2.0,7343.0,2 days 00:00:00.000000000,5.0,18260.0,2 days 00:00:00.000000000
1096,126952,,,,1.0,2404.0,,,,
1097,127171,,,,7.0,182947.0,3 days 00:00:00.000000000,,,3 days 00:00:00.000000000
1098,127745,,,,1.0,5983.0,2 days 00:00:00.000000000,,,2 days 00:00:00.000000000
1099,128016,,,,1.0,2404.0,,,,
1100,128795,,,,1.0,2079.0,1 days 00:00:00.000000000,,,1 days 00:00:00.000000000
1101,128997,,,,1.0,3819.0,2 days 00:00:00.000000000,,,2 days 00:00:00.000000000
1102,129101,,,,1.0,2144.0,,,,
1103,129331,,,,1.0,7960.0,3 days 00:00:00.000000000,,,3 days 00:00:00.000000000
1104,129346,,,,1.0,12605.0,4 days 00:00:00.000000000,,,4 days 00:00:00.000000000
1105,129675,,,,1.0,1884.0,1 days 00:00:00.000000000,2.0,10656.0,1 days 00:00:00.000000000
1106,129987,,,,1.0,3084.0,1 days 00:00:00.000000000,,,1 days 00:00:00.000000000
1107,130164,,,,1.0,4549.0,,,,
1108,130739,,,,2.0,4743.0,2 days 00:00:00.000000000,1.0,2404.0,2 days 00:00:00.000000000
1109,130908,,,,3.0,18123.0,9 days 00:00:00.000000000,,,9 days 00:00:00.000000000
1110,131959,,,,1.0,7667.0,2 days 00:00:00.000000000,,,2 days 00:00:00.000000000
1111,132205,,,,1.0,3868.0,,,,
1112,132914,,,,1.0,8966.0,3 days 00:00:00.000000000,,,3 days 00:00:00.000000000
1113,133407,,,,1.0,5717.0,2 days 00:00:00.000000000,,,2 days 00:00:00.000000000
1114,133948,,,,1.0,1949.0,1 days 00:00:00.000000000,,,1 days 00:00:00.000000000
1115,134014,,,,1.0,3062.0,,,,
1116,134107,,,,1.0,3054.0,1 days 00:00:00.000000000,,,1 days 00:00:00.000000000
1117,134266,,,,1.0,2773.0,,,,
1118,135454,,,,1.0,2209.0,1 days 00:00:00.000000000,,,1 days 00:00:00.000000000
1119,135672,,,,1.0,3184.0,,,,
1120,135886,,,,1.0,2209.0,1 days 00:00:00.000000000,,,1 days 00:00:00.000000000
1121,136094,,,,2.0,8188.0,1 days 00:00:00.000000000,1.0,3509.0,1 days 00:00:00.000000000
1122,136424,,,,2.0,8237.0,3 days 00:00:00.000000000,,,3 days 00:00:00.000000000
1123,137026,,,,1.0,13190.0,3 days 00:00:00.000000000,,,3 days 00:00:00.000000000
1124,137777,,,,1.0,1689.0,,,,
1125,138286,,,,1.0,3054.0,1 days 00:00:00.000000000,1.0,2794.0,1 days 00:00:00.000000000
1126,138423,,,,1.0,3471.0,2 days 00:00:00.000000000,1.0,5733.0,2 days 00:00:00.000000000
1127,139275,,,,1.0,2534.0,1 days 00:00:00.000000000,,,1 days 00:00:00.000000000
1128,139383,,,,1.0,1884.0,1 days 00:00:00.000000000,1.0,1949.0,1 days 00:00:00.000000000
1129,139513,,,,1.0,10837.0,,2.0,9298.0,
1130,141201,,,,1.0,1819.0,1 days 00:00:00.000000000,,,1 days 00:00:00.000000000
1131,141430,,,,1.0,2209.0,,,,
1132,142383,,,,1.0,12086.0,3 days 00:00:00.000000000,,,3 days 00:00:00.000000000
1133,142432,,,,1.0,5197.0,2 days 00:00:00.000000000,,,2 days 00:00:00.000000000
1134,142556,,,,1.0,2534.0,1 days 00:00:00.000000000,,,1 days 00:00:00.000000000
1135,142597,,,,2.0,4548.0,2 days 00:00:00.000000000,,,2 days 00:00:00.000000000
1136,142920,,,,1.0,5457.0,,,,
1137,143110,,,,1.0,4744.0,1 days 00:00:00.000000000,,,1 days 00:00:00.000000000
1138,143278,,,,1.0,3832.0,2 days 00:00:00.000000000,,,2 days 00:00:00.000000000
1139,144056,,,,2.0,4938.0,1 days 00:00:00.000000000,,,1 days 00:00:00.000000000
1140,144909,,,,1.0,4289.0,,1.0,8057.0,
1141,145104,,,,1.0,2859.0,1 days 00:00:00.000000000,,,1 days 00:00:00.000000000
1142,145478,,,,2.0,3946.0,2 days 00:00:00.000000000,,,2 days 00:00:00.000000000
1143,145528,,,,1.0,2924.0,,,,
1144,145776,,,,1.0,2599.0,,,,
1145,145809,,,,1.0,1689.0,1 days 00:00:00.000000000,,,1 days 00:00:00.000000000
1146,145838,,,,2.0,3814.0,2 days 00:00:00.000000000,2.0,3818.0,2 days 00:00:00.000000000
1147,146718,,,,1.0,2859.0,1 days 00:00:00.000000000,,,1 days 00:00:00.000000000
1148,146846,,,,1.0,4843.0,,,,
1149,146873,,,,1.0,3119.0,,,,
1150,147037,,,,1.0,16117.0,2 days 00:00:00.000000000,,,2 days 00:00:00.000000000
1151,147059,,,,1.0,2239.0,1 days 00:00:00.000000000,2.0,5781.0,1 days 00:00:00.000000000
1152,147455,,,,1.0,3249.0,1 days 00:00:00.000000000,,,1 days 00:00:00.000000000
1153,148025,,,,1.0,1594.0,1 days 00:00:00.000000000,3.0,6690.0,1 days 00:00:00.000000000
1154,148880,,,,2.0,23849.0,4 days 00:00:00.000000000,,,4 days 00:00:00.000000000
1155,149420,,,,1.0,8713.0,2 days 00:00:00.000000000,,,2 days 00:00:00.000000000
1156,151259,,,,1.0,2913.0,,,,
1157,152224,,,,1.0,1594.0,,,,
1158,153697,,,,1.0,2209.0,1 days 00:00:00.000000000,,,1 days 00:00:00.000000000
1159,153758,,,,2.0,4851.0,1 days 00:00:00.000000000,1.0,1594.0,1 days 00:00:00.000000000
1160,153945,,,,1.0,25732.0,6 days 00:00:00.000000000,,,6 days 00:00:00.000000000
1161,154121,,,,1.0,5717.0,2 days 00:00:00.000000000,,,2 days 00:00:00.000000000
1162,154316,,,,1.0,4354.0,,,,
1163,154563,,,,1.0,5392.0,,,,
1164,154660,,,,1.0,3682.0,,,,
1165,154668,,,,1.0,3588.0,,,,
1166,154812,,,,1.0,1494.0,,,,
1167,154852,,,,1.0,2794.0,1 days 00:00:00.000000000,,,1 days 00:00:00.000000000
1168,155069,,,,2.0,4548.0,1 days 00:00:00.000000000,,,1 days 00:00:00.000000000
1169,156140,,,,1.0,2534.0,,1.0,8642.0,
1170,156740,,,,1.0,2339.0,1 days 00:00:00.000000000,,,1 days 00:00:00.000000000
1171,157067,,,,1.0,2209.0,1 days 00:00:00.000000000,,,1 days 00:00:00.000000000
1172,158191,,,,1.0,2599.0,1 days 00:00:00.000000000,,,1 days 00:00:00.000000000
1173,158527,,,,3.0,13076.0,3 days 00:00:00.000000000,,,3 days 00:00:00.000000000
1174,159431,,,,1.0,3379.0,1 days 00:00:00.000000000,,,1 days 00:00:00.000000000
1175,159873,,,,1.0,2469.0,,,,
1176,160056,,,,1.0,2729.0,1 days 00:00:00.000000000,,,1 days 00:00:00.000000000
1177,160269,,,,1.0,1594.0,1 days 00:00:00.000000000,,,1 days 00:00:00.000000000
1178,160596,,,,1.0,3054.0,1 days 00:00:00.000000000,,,1 days 00:00:00.000000000
1179,162560,,,,3.0,25521.0,2 days 00:00:00.000000000,,,2 days 00:00:00.000000000
1180,162892,,,,1.0,3416.0,1 days 00:00:00.000000000,,,1 days 00:00:00.000000000
1181,163945,,,,1.0,1819.0,1 days 00:00:00.000000000,,,1 days 00:00:00.000000000
1182,164004,,,,1.0,4614.0,1 days 00:00:00.000000000,2.0,6563.0,1 days 00:00:00.000000000
1183,164227,,,,1.0,2794.0,,,,
1184,164571,,,,1.0,20787.0,,,,
1185,165036,,,,1.0,1888.0,1 days 00:00:00.000000000,,,1 days 00:00:00.000000000
1186,165107,,,,1.0,8388.0,2 days 00:00:00.000000000,,,2 days 00:00:00.000000000
1187,165419,,,,1.0,3054.0,,,,
1188,166201,,,,1.0,6757.0,2 days 00:00:00.000000000,,,2 days 00:00:00.000000000
1189,166795,,,,1.0,9097.0,2 days 00:00:00.000000000,,,2 days 00:00:00.000000000
1190,166884,,,,1.0,2648.0,,,,
1191,167170,,,,1.0,6367.0,2 days 00:00:00.000000000,,,2 days 00:00:00.000000000
1192,167227,,,,1.0,2404.0,,,,
1193,167471,,,,1.0,1594.0,1 days 00:00:00.000000000,,,1 days 00:00:00.000000000
1194,168985,,,,1.0,2209.0,,,,
1195,169109,,,,1.0,4159.0,1 days 00:00:00.000000000,,,1 days 00:00:00.000000000
1196,169265,,,,1.0,1990.0,,,,
1197,169912,,,,1.0,4586.0,1 days 00:00:00.000000000,,,1 days 00:00:00.000000000
1198,170646,,,,2.0,5846.0,3 days 00:00:00.000000000,,,3 days 00:00:00.000000000
1199,171180,,,,1.0,1888.0,1 days 00:00:00.000000000,,,1 days 00:00:00.000000000
1200,171586,,,,1.0,10460.0,3 days 00:00:00.000000000,1.0,2040.0,3 days 00:00:00.000000000
1201,172023,,,,3.0,15254.0,4 days 00:00:00.000000000,3.0,9745.0,4 days 00:00:00.000000000
1202,172114,,,,4.0,6579.0,4 days 00:00:00.000000000,2.0,3861.0,4 days 00:00:00.000000000
1203,172411,,,,3.0,14490.0,1 days 00:00:00.000000000,,,1 days 00:00:00.000000000
1204,173334,,,,1.0,2079.0,1 days 00:00:00.000000000,,,1 days 00:00:00.000000000
1205,175727,,,,1.0,2144.0,1 days 00:00:00.000000000,,,1 days 00:00:00.000000000
1206,177132,,,,1.0,24180.0,,,,
1207,178207,,,,1.0,2405.0,,,,
1208,178334,,,,1.0,2080.0,1 days 00:00:00.000000000,,,1 days 00:00:00.000000000
1209,179123,,,,1.0,1754.0,,,,
1210,179612,,,,1.0,15077.0,,,,
1211,179789,,,,1.0,1494.0,1 days 00:00:00.000000000,1.0,1429.0,1 days 00:00:00.000000000
1212,179876,,,,1.0,3054.0,,,,
1213,180388,,,,3.0,8387.0,1 days 00:00:00.000000000,1.0,1884.0,1 days 00:00:00.000000000
1214,180438,,,,2.0,5653.0,,1.0,3479.0,
1215,181737,,,,1.0,4212.0,,,,
1216,182292,,,,1.0,1888.0,1 days 00:00:00.000000000,,,1 days 00:00:00.000000000
1217,182491,,,,2.0,6953.0,1 days 00:00:00.000000000,,,1 days 00:00:00.000000000
1218,182573,,,,1.0,1921.0,,,,
1219,182602,,,,1.0,8034.0,2 days 00:00:00.000000000,,,2 days 00:00:00.000000000
1220,182782,,,,1.0,5639.0,,,,
1221,182807,,,,1.0,2990.0,,,,
1222,182991,,,,1.0,2657.0,1 days 00:00:00.000000000,,,1 days 00:00:00.000000000
1223,183032,,,,3.0,7932.0,1 days 00:00:00.000000000,2.0,5398.0,1 days 00:00:00.000000000
1224,183381,,,,1.0,2144.0,1 days 00:00:00.000000000,,,1 days 00:00:00.000000000
1225,183794,,,,1.0,10137.0,2 days 00:00:00.000000000,,,2 days 00:00:00.000000000
1226,184192,,,,1.0,2794.0,,,,
1227,184274,,,,1.0,3419.0,,,,
1228,184545,,,,1.0,8186.0,3 days 00:00:00.000000000,,,3 days 00:00:00.000000000
1229,184770,,,,1.0,3444.0,,,,
1230,184876,,,,1.0,2014.0,,,,
1231,184959,,,,1.0,2274.0,,,,
1232,185319,,,,1.0,3588.0,1 days 00:00:00.000000000,,,1 days 00:00:00.000000000
1233,185526,,,,2.0,4784.0,1 days 00:00:00.000000000,,,1 days 00:00:00.000000000
1234,186259,,,,1.0,7363.0,2 days 00:00:00.000000000,,,2 days 00:00:00.000000000
1235,186499,,,,1.0,3444.0,1 days 00:00:00.000000000,,,1 days 00:00:00.000000000
1236,186656,,,,1.0,5847.0,2 days 00:00:00.000000000,,,2 days 00:00:00.000000000
1237,186686,,,,1.0,3032.0,,,,
1238,186767,,,,1.0,3117.0,2 days 00:00:00.000000000,1.0,1949.0,2 days 00:00:00.000000000
1239,187033,,,,2.0,11958.0,2 days 00:00:00.000000000,,,2 days 00:00:00.000000000
1240,187153,,,,1.0,5962.0,2 days 00:00:00.000000000,,,2 days 00:00:00.000000000
1241,187505,,,,1.0,2599.0,1 days 00:00:00.000000000,,,1 days 00:00:00.000000000
1242,187774,,,,1.0,2859.0,1 days 00:00:00.000000000,,,1 days 00:00:00.000000000
1243,187982,,,,2.0,4639.0,2 days 00:00:00.000000000,1.0,1624.0,2 days 00:00:00.000000000
1244,188409,,,,2.0,7032.0,1 days 00:00:00.000000000,,,1 days 00:00:00.000000000
1245,189022,,,,1.0,2014.0,1 days 00:00:00.000000000,,,1 days 00:00:00.000000000
1246,189735,,,,3.0,10690.0,3 days 00:00:00.000000000,1.0,3050.0,3 days 00:00:00.000000000
1247,189815,,,,3.0,5804.0,,,,
1248,189926,,,,2.0,6888.0,1 days 00:00:00.000000000,,,1 days 00:00:00.000000000
1249,190208,,,,1.0,2079.0,1 days 00:00:00.000000000,2.0,3833.0,1 days 00:00:00.000000000
1250,190372,,,,1.0,2664.0,1 days 00:00:00.000000000,,,1 days 00:00:00.000000000
1251,190525,,,,1.0,2339.0,1 days 00:00:00.000000000,,,1 days 00:00:00.000000000
1252,190562,,,,1.0,2599.0,,,,
1253,191033,,,,1.0,3834.0,1 days 00:00:00.000000000,,,1 days 00:00:00.000000000
1254,191118,,,,1.0,1754.0,,,,
1255,191386,,,,1.0,9551.0,3 days 00:00:00.000000000,,,3 days 00:00:00.000000000
1256,191615,,,,1.0,5264.0,,,,
1257,191653,,,,1.0,3379.0,1 days 00:00:00.000000000,,,1 days 00:00:00.000000000
1258,192011,,,,1.0,2315.0,1 days 00:00:00.000000000,,,1 days 00:00:00.000000000
1259,192056,,,,1.0,5066.0,,,,
1260,192119,,,,1.0,1819.0,1 days 00:00:00.000000000,1.0,2079.0,1 days 00:00:00.000000000
1261,192208,,,,1.0,2924.0,,,,
1262,192450,,,,1.0,5459.0,1 days 00:00:00.000000000,,,1 days 00:00:00.000000000
1263,192914,,,,1.0,3249.0,1 days 00:00:00.000000000,,,1 days 00:00:00.000000000
1264,193104,,,,1.0,5502.0,2 days 00:00:00.000000000,,,2 days 00:00:00.000000000
1265,193154,,,,1.0,8771.0,,,,
1266,194653,,,,1.0,1869.0,1 days 00:00:00.000000000,,,1 days 00:00:00.000000000
1267,194849,,,,1.0,9227.0,2 days 00:00:00.000000000,,,2 days 00:00:00.000000000
1268,195179,,,,2.0,11044.0,2 days 00:00:00.000000000,,,2 days 00:00:00.000000000
1269,195573,,,,1.0,2534.0,,,,
1270,195965,,,,1.0,1884.0,1 days 00:00:00.000000000,,,1 days 00:00:00.000000000
1271,196554,,,,1.0,2859.0,1 days 00:00:00.000000000,,,1 days 00:00:00.000000000
1272,196670,,,,1.0,3120.0,,,,
1273,196829,,,,1.0,8769.0,5 days 00:00:00.000000000,2.0,13965.0,5 days 00:00:00.000000000
1274,197147,,,,1.0,8991.0,,,,
1275,197333,,,,2.0,6230.0,1 days 00:00:00.000000000,,,1 days 00:00:00.000000000
1276,197416,,,,1.0,2469.0,,,,
1277,197630,,,,1.0,2166.0,,,,
1278,197733,,,,2.0,3898.0,1 days 00:00:00.000000000,2.0,4288.0,1 days 00:00:00.000000000
1279,198706,,,,1.0,2079.0,,1.0,2274.0,
1280,199279,,,,1.0,6162.0,,,,
1281,199593,,,,2.0,8253.0,2 days 00:00:00.000000000,,,2 days 00:00:00.000000000
1282,199611,,,,1.0,2188.0,,,,
1283,199763,,,,1.0,2192.0,1 days 00:00:00.000000000,1.0,2652.0,1 days 00:00:00.000000000
1284,199981,,,,1.0,2599.0,1 days 00:00:00.000000000,,,1 days 00:00:00.000000000
1285,648,,,,,,,1.0,14815.0,
1286,714,,,,,,,1.0,2267.0,
1287,728,,,,,,,1.0,4677.0,
1288,834,,,,,,,1.0,3769.0,
1289,1775,,,,,,,1.0,2790.0,
1290,2057,,,,,,,1.0,4939.0,
1291,2133,,,,,,,1.0,2014.0,
1292,2261,,,,,,,1.0,2014.0,
1293,2263,,,,,,,1.0,3120.0,
1294,2577,,,,,,,1.0,2101.0,
1295,2583,,,,,,,1.0,1819.0,
1296,2831,,,,,,,1.0,2236.0,
1297,2861,,,,,,,1.0,4484.0,
1298,3176,,,,,,,1.0,3188.0,
1299,3177,,,,,,,1.0,2050.0,
1300,3231,,,,,,,1.0,2079.0,
1301,3427,,,,,,,2.0,4583.0,
1302,4328,,,,,,,1.0,2014.0,
1303,4377,,,,,,,1.0,3588.0,
1304,5494,,,,,,,1.0,1754.0,
1305,5868,,,,,,,1.0,1819.0,
1306,6268,,,,,,,1.0,1949.0,
1307,6636,,,,,,,1.0,1704.0,
1308,6963,,,,,,,1.0,3509.0,
1309,7519,,,,,,,2.0,10140.0,
1310,8656,,,,,,,3.0,8057.0,
1311,9298,,,,,,,1.0,2859.0,
1312,9354,,,,,,,1.0,5977.0,
1313,9386,,,,,,,1.0,2014.0,
1314,9634,,,,,,,1.0,2209.0,
1315,9732,,,,,,,1.0,8317.0,
1316,10015,,,,,,,3.0,14424.0,
1317,10067,,,,,,,1.0,2144.0,
1318,10444,,,,,,,1.0,3184.0,
1319,11069,,,,,,,2.0,6043.0,
1320,11199,,,,,,,1.0,2083.0,
1321,11665,,,,,,,1.0,1884.0,
1322,11800,,,,,,,1.0,1949.0,
1323,11931,,,,,,,1.0,1899.0,
1324,11989,,,,,,,1.0,2924.0,
1325,12340,,,,,,,2.0,11239.0,
1326,12354,,,,,,,1.0,3184.0,
1327,13138,,,,,,,1.0,1949.0,
1328,13846,,,,,,,1.0,2729.0,
1329,13982,,,,,,,1.0,2664.0,
1330,14876,,,,,,,1.0,2590.0,
1331,14942,,,,,,,1.0,10395.0,
1332,15169,,,,,,,4.0,25172.0,
1333,15841,,,,,,,1.0,3767.0,
1334,15976,,,,,,,1.0,2460.0,
1335,16238,,,,,,,1.0,5197.0,
1336,17049,,,,,,,1.0,2924.0,
1337,17715,,,,,,,1.0,3120.0,
1338,17865,,,,,,,1.0,3444.0,
1339,18465,,,,,,,1.0,2469.0,
1340,18521,,,,,,,1.0,2274.0,
1341,18586,,,,,,,1.0,7176.0,
1342,18625,,,,,,,1.0,4521.0,
1343,19221,,,,,,,1.0,2209.0,
1344,19246,,,,,,,1.0,45360.0,
1345,19274,,,,,,,1.0,10979.0,
1346,19363,,,,,,,1.0,2599.0,
1347,19960,,,,,,,1.0,5004.0,
1348,19988,,,,,,,1.0,1477.0,
1349,20387,,,,,,,1.0,9617.0,
1350,20992,,,,,,,1.0,2079.0,
1351,21072,,,,,,,1.0,1970.0,
1352,21196,,,,,,,2.0,4399.0,
1353,21651,,,,,,,1.0,7145.0,
1354,21661,,,,,,,1.0,2766.0,
1355,21954,,,,,,,1.0,1993.0,
1356,22380,,,,,,,1.0,2404.0,
1357,22534,,,,,,,3.0,15614.0,
1358,23899,,,,,,,1.0,2274.0,
1359,25162,,,,,,,1.0,3509.0,
1360,25797,,,,,,,1.0,4677.0,
1361,25889,,,,,,,1.0,2924.0,
1362,26893,,,,,,,1.0,1559.0,
1363,28245,,,,,,,1.0,14555.0,
1364,28412,,,,,,,1.0,2014.0,
1365,28523,,,,,,,1.0,2274.0,
1366,29269,,,,,,,3.0,6530.0,
1367,29704,,,,,,,1.0,1754.0,
1368,30578,,,,,,,1.0,1868.0,
1369,30752,,,,,,,1.0,2534.0,
1370,30923,,,,,,,1.0,21700.0,
1371,31994,,,,,,,2.0,11174.0,
1372,32718,,,,,,,1.0,1689.0,
1373,33092,,,,,,,1.0,2729.0,
1374,33838,,,,,,,2.0,7798.0,
1375,34066,,,,,,,1.0,2100.0,
1376,35093,,,,,,,1.0,7344.0,
1377,35242,,,,,,,1.0,1754.0,
1378,36632,,,,,,,1.0,3812.0,
1379,36923,,,,,,,2.0,6173.0,
1380,37146,,,,,,,1.0,5048.0,
1381,39047,,,,,,,2.0,6368.0,
1382,39669,,,,,,,1.0,16634.0,
1383,39801,,,,,,,1.0,1884.0,
1384,39916,,,,,,,2.0,3664.0,
1385,40124,,,,,,,1.0,2461.0,
1386,40129,,,,,,,1.0,1949.0,
1387,41098,,,,,,,1.0,2014.0,
1388,41279,,,,,,,1.0,3509.0,
1389,41757,,,,,,,1.0,3509.0,
1390,42484,,,,,,,1.0,1949.0,
1391,43285,,,,,,,1.0,2339.0,
1392,43432,,,,,,,1.0,5590.0,
1393,44138,,,,,,,1.0,2209.0,
1394,46174,,,,,,,1.0,2794.0,
1395,46975,,,,,,,1.0,2106.0,
1396,47195,,,,,,,3.0,5631.0,
1397,47251,,,,,,,2.0,8518.0,
1398,47628,,,,,,,2.0,4299.0,
1399,47827,,,,,,,1.0,2491.0,
1400,48070,,,,,,,1.0,2729.0,
1401,48663,,,,,,,1.0,3055.0,
1402,48864,,,,,,,1.0,37166.0,
1403,49071,,,,,,,2.0,31192.0,
1404,50932,,,,,,,1.0,15486.0,
1405,51009,,,,,,,1.0,5837.0,
1406,51037,,,,,,,1.0,1429.0,
1407,51469,,,,,,,1.0,2859.0,
1408,52281,,,,,,,3.0,9353.0,
1409,52458,,,,,,,1.0,11166.0,
1410,52795,,,,,,,1.0,3509.0,
1411,53047,,,,,,,1.0,1624.0,
1412,53257,,,,,,,1.0,2469.0,
1413,53581,,,,,,,1.0,2924.0,
1414,54699,,,,,,,1.0,1715.0,
1415,54842,,,,,,,2.0,44314.0,
1416,55188,,,,,,,1.0,3769.0,
1417,55389,,,,,,,1.0,2285.0,
1418,55490,,,,,,,1.0,6236.0,
1419,55529,,,,,,,2.0,13774.0,
1420,55660,,,,,,,1.0,1689.0,
1421,55794,,,,,,,1.0,1364.0,
1422,56281,,,,,,,1.0,21509.0,
1423,56905,,,,,,,4.0,10979.0,
1424,57210,,,,,,,1.0,3314.0,
1425,57569,,,,,,,1.0,9122.0,
1426,57736,,,,,,,3.0,20320.0,
1427,57757,,,,,,,1.0,8966.0,
1428,57835,,,,,,,1.0,6427.0,
1429,58198,,,,,,,4.0,34172.0,
1430,58266,,,,,,,1.0,2339.0,
1431,58429,,,,,,,6.0,71357.0,
1432,59024,,,,,,,1.0,12220.0,
1433,59140,,,,,,,1.0,3769.0,
1434,59211,,,,,,,1.0,2209.0,
1435,59358,,,,,,,1.0,1949.0,
1436,59752,,,,,,,1.0,1689.0,
1437,60296,,,,,,,1.0,2859.0,
1438,60327,,,,,,,1.0,2209.0,
1439,60375,,,,,,,1.0,2469.0,
1440,60998,,,,,,,1.0,5728.0,
1441,61516,,,,,,,1.0,4126.0,
1442,62390,,,,,,,1.0,2924.0,
1443,62527,,,,,,,1.0,2989.0,
1444,62582,,,,,,,1.0,4937.0,
1445,62941,,,,,,,1.0,9355.0,
1446,63053,,,,,,,1.0,21631.0,
1447,63511,,,,,,,1.0,1912.0,
1448,63945,,,,,,,1.0,2200.0,
1449,63953,,,,,,,1.0,2989.0,
1450,64360,,,,,,,1.0,2664.0,
1451,64380,,,,,,,1.0,10719.0,
1452,64580,,,,,,,1.0,119629.0,
1453,64828,,,,,,,4.0,8912.0,
1454,65068,,,,,,,1.0,1624.0,
1455,66896,,,,,,,1.0,2144.0,
1456,66909,,,,,,,1.0,4389.0,
1457,67915,,,,,,,1.0,1912.0,
1458,69332,,,,,,,1.0,3767.0,
1459,69586,,,,,,,1.0,2006.0,
1460,69650,,,,,,,1.0,4091.0,
1461,69680,,,,,,,1.0,3964.0,
1462,70262,,,,,,,1.0,1169.0,
1463,70558,,,,,,,1.0,3184.0,
1464,70651,,,,,,,3.0,7992.0,
1465,71320,,,,,,,1.0,2534.0,
1466,71766,,,,,,,1.0,1624.0,
1467,72165,,,,,,,1.0,4224.0,
1468,73065,,,,,,,1.0,2209.0,
1469,73181,,,,,,,2.0,6626.0,
1470,73651,,,,,,,1.0,2274.0,
1471,73873,,,,,,,1.0,19492.0,
1472,74224,,,,,,,1.0,3964.0,
1473,75155,,,,,,,1.0,1494.0,
1474,75174,,,,,,,1.0,1299.0,
1475,76337,,,,,,,1.0,2599.0,
1476,76528,,,,,,,1.0,2794.0,
1477,76836,,,,,,,1.0,4347.0,
1478,76847,,,,,,,1.0,4157.0,
1479,76858,,,,,,,1.0,1819.0,
1480,76893,,,,,,,1.0,2274.0,
1481,79414,,,,,,,1.0,2014.0,
1482,81387,,,,,,,1.0,8385.0,
1483,82026,,,,,,,1.0,1949.0,
1484,82641,,,,,,,1.0,6497.0,
1485,82864,,,,,,,1.0,2773.0,
1486,83178,,,,,,,1.0,2534.0,
1487,83992,,,,,,,1.0,3739.0,
1488,84287,,,,,,,1.0,3189.0,
1489,85427,,,,,,,1.0,2599.0,
1490,85588,,,,,,,1.0,1594.0,
1491,86258,,,,,,,1.0,1754.0,
1492,86555,,,,,,,1.0,1885.0,
1493,86676,,,,,,,1.0,2209.0,
1494,86713,,,,,,,1.0,1594.0,
1495,87053,,,,,,,1.0,2751.0,
1496,88044,,,,,,,1.0,12217.0,
1497,88586,,,,,,,1.0,2274.0,
1498,88692,,,,,,,1.0,29887.0,
1499,88846,,,,,,,1.0,2924.0,
1500,88880,,,,,,,1.0,2404.0,
1501,88934,,,,,,,2.0,3378.0,
1502,89798,,,,,,,1.0,13190.0,
1503,90948,,,,,,,3.0,9552.0,
1504,91545,,,,,,,1.0,7796.0,
1505,91912,,,,,,,2.0,3649.0,
1506,91936,,,,,,,1.0,4354.0,
1507,92056,,,,,,,1.0,1906.0,
1508,92416,,,,,,,1.0,4224.0,
1509,92430,,,,,,,1.0,2274.0,
1510,92557,,,,,,,1.0,2924.0,
1511,93174,,,,,,,1.0,2181.0,
1512,93508,,,,,,,1.0,1624.0,
1513,94128,,,,,,,1.0,1819.0,
1514,94477,,,,,,,1.0,1819.0,
1515,95107,,,,,,,1.0,2664.0,
1516,96027,,,,,,,1.0,3247.0,
1517,96349,,,,,,,1.0,1559.0,
1518,96585,,,,,,,2.0,7926.0,
1519,97348,,,,,,,1.0,3524.0,
1520,97561,,,,,,,1.0,1661.0,
1521,98247,,,,,,,1.0,1871.0,
1522,98717,,,,,,,1.0,4217.0,
1523,98742,,,,,,,2.0,7278.0,
1524,98876,,,,,,,1.0,3249.0,
1525,99420,,,,,,,1.0,1794.0,
1526,99465,,,,,,,1.0,10135.0,
1527,99730,,,,,,,1.0,10847.0,
1528,99817,,,,,,,2.0,4562.0,
1529,100197,,,,,,,1.0,1884.0,
1530,100336,,,,,,,1.0,2795.0,
1531,100771,,,,,,,2.0,4688.0,
1532,100829,,,,,,,1.0,4287.0,
1533,100935,,,,,,,1.0,2209.0,
1534,101088,,,,,,,1.0,2274.0,
1535,101173,,,,,,,4.0,26305.0,
1536,102620,,,,,,,1.0,3374.0,
1537,103992,,,,,,,1.0,1819.0,
1538,104479,,,,,,,1.0,2313.0,
1539,105035,,,,,,,1.0,4807.0,
1540,105268,,,,,,,3.0,15636.0,
1541,106080,,,,,,,1.0,2014.0,
1542,106125,,,,,,,2.0,6044.0,
1543,106487,,,,,,,1.0,3899.0,
1544,106867,,,,,,,1.0,7535.0,
1545,107937,,,,,,,1.0,2404.0,
1546,108140,,,,,,,1.0,2209.0,
1547,109230,,,,,,,2.0,3508.0,
1548,109970,,,,,,,1.0,2079.0,
1549,110256,,,,,,,2.0,3375.0,
1550,110650,,,,,,,1.0,2079.0,
1551,111743,,,,,,,1.0,2014.0,
1552,111771,,,,,,,1.0,2469.0,
1553,112239,,,,,,,1.0,6739.0,
1554,112455,,,,,,,1.0,1754.0,
1555,113593,,,,,,,1.0,1819.0,
1556,113777,,,,,,,1.0,1798.0,
1557,115308,,,,,,,5.0,18253.0,
1558,115430,,,,,,,1.0,2891.0,
1559,115643,,,,,,,1.0,2794.0,
1560,116003,,,,,,,1.0,2469.0,
1561,116321,,,,,,,1.0,2079.0,
1562,116485,,,,,,,1.0,1950.0,
1563,116513,,,,,,,1.0,1386.0,
1564,116920,,,,,,,1.0,2179.0,
1565,117528,,,,,,,2.0,5280.0,
1566,118052,,,,,,,1.0,4612.0,
1567,118644,,,,,,,1.0,4612.0,
1568,118825,,,,,,,1.0,2924.0,
1569,118918,,,,,,,1.0,2144.0,
1570,119652,,,,,,,1.0,3444.0,
1571,119697,,,,,,,1.0,6399.0,
1572,121788,,,,,,,1.0,2664.0,
1573,122076,,,,,,,1.0,1494.0,
1574,122286,,,,,,,2.0,6108.0,
1575,122311,,,,,,,1.0,6041.0,
1576,122482,,,,,,,1.0,1689.0,
1577,122529,,,,,,,1.0,7796.0,
1578,122970,,,,,,,2.0,11374.0,
1579,123857,,,,,,,1.0,2794.0,
1580,123989,,,,,,,1.0,2144.0,
1581,124236,,,,,,,1.0,5067.0,
1582,124286,,,,,,,1.0,3184.0,
1583,124293,,,,,,,1.0,2561.0,
1584,124446,,,,,,,1.0,10137.0,
1585,125282,,,,,,,1.0,1743.0,
1586,126993,,,,,,,2.0,5588.0,
1587,127103,,,,,,,1.0,1884.0,
1588,127299,,,,,,,1.0,2599.0,
1589,127496,,,,,,,1.0,3008.0,
1590,128523,,,,,,,1.0,3388.0,
1591,128524,,,,,,,1.0,2079.0,
1592,128934,,,,,,,1.0,3897.0,
1593,129377,,,,,,,2.0,7731.0,
1594,129595,,,,,,,4.0,30951.0,
1595,130583,,,,,,,1.0,4029.0,
1596,130893,,,,,,,1.0,2664.0,
1597,132149,,,,,,,1.0,7374.0,
1598,132459,,,,,,,1.0,1712.0,
1599,132542,,,,,,,1.0,2392.0,
1600,132693,,,,,,,1.0,1741.0,
1601,133499,,,,,,,1.0,2404.0,
1602,133863,,,,,,,2.0,8708.0,
1603,134314,,,,,,,1.0,2404.0,
1604,134416,,,,,,,2.0,3870.0,
1605,134930,,,,,,,1.0,9237.0,
1606,135369,,,,,,,1.0,2274.0,
1607,136459,,,,,,,1.0,1733.0,
1608,136602,,,,,,,1.0,1689.0,
1609,137032,,,,,,,9.0,14682.0,
1610,137899,,,,,,,1.0,2209.0,
1611,139191,,,,,,,1.0,2014.0,
1612,139399,,,,,,,1.0,9677.0,
1613,139421,,,,,,,1.0,1494.0,
1614,139495,,,,,,,3.0,16575.0,
1615,139526,,,,,,,1.0,3444.0,
1616,140525,,,,,,,1.0,1754.0,
1617,141329,,,,,,,2.0,6322.0,
1618,141952,,,,,,,1.0,2209.0,
1619,142058,,,,,,,1.0,7017.0,
1620,142194,,,,,,,1.0,3119.0,
1621,142291,,,,,,,1.0,8252.0,
1622,142628,,,,,,,1.0,1559.0,
1623,142836,,,,,,,1.0,6174.0,
1624,143053,,,,,,,2.0,3947.0,
1625,143748,,,,,,,2.0,6265.0,
1626,143913,,,,,,,1.0,2859.0,
1627,144052,,,,,,,1.0,1949.0,
1628,144682,,,,,,,1.0,7927.0,
1629,145095,,,,,,,1.0,3812.0,
1630,145519,,,,,,,1.0,4937.0,
1631,145651,,,,,,,1.0,3588.0,
1632,146507,,,,,,,1.0,2924.0,
1633,147278,,,,,,,1.0,2469.0,
1634,147285,,,,,,,1.0,2289.0,
1635,147466,,,,,,,1.0,2014.0,
1636,147516,,,,,,,1.0,1871.0,
1637,149015,,,,,,,3.0,18951.0,
1638,149163,,,,,,,2.0,7405.0,
1639,149275,,,,,,,1.0,3769.0,
1640,149975,,,,,,,1.0,2192.0,
1641,150206,,,,,,,1.0,7145.0,
1642,150469,,,,,,,2.0,5913.0,
1643,151151,,,,,,,1.0,3897.0,
1644,152174,,,,,,,1.0,5195.0,
1645,153485,,,,,,,2.0,3798.0,
1646,153664,,,,,,,1.0,3444.0,
1647,153825,,,,,,,1.0,8577.0,
1648,154070,,,,,,,1.0,2469.0,
1649,154793,,,,,,,3.0,15275.0,
1650,155152,,,,,,,1.0,2274.0,
1651,156506,,,,,,,1.0,2144.0,
1652,158172,,,,,,,1.0,2228.0,
1653,158427,,,,,,,7.0,90325.0,
1654,159448,,,,,,,1.0,8860.0,
1655,159558,,,,,,,1.0,5585.0,
1656,160482,,,,,,,1.0,3314.0,
1657,161137,,,,,,,1.0,1386.0,
1658,161789,,,,,,,1.0,4159.0,
1659,161884,,,,,,,2.0,18129.0,
1660,161917,,,,,,,1.0,2491.0,
1661,162206,,,,,,,1.0,2534.0,
1662,162534,,,,,,,1.0,3119.0,
1663,162631,,,,,,,1.0,3366.0,
1664,163662,,,,,,,1.0,2599.0,
1665,163829,,,,,,,1.0,5299.0,
1666,163907,,,,,,,1.0,4419.0,
1667,165340,,,,,,,2.0,24348.0,
1668,166113,,,,,,,1.0,1819.0,
1669,167053,,,,,,,1.0,1819.0,
1670,167196,,,,,,,2.0,4000.0,
1671,167248,,,,,,,1.0,1754.0,
1672,168488,,,,,,,1.0,8707.0,
1673,168493,,,,,,,2.0,9748.0,
1674,168544,,,,,,,1.0,10884.0,
1675,168634,,,,,,,1.0,1962.0,
1676,169072,,,,,,,2.0,3768.0,
1677,170106,,,,,,,1.0,2924.0,
1678,170335,,,,,,,1.0,2989.0,
1679,170764,,,,,,,2.0,7608.0,
1680,171522,,,,,,,1.0,1624.0,
1681,172100,,,,,,,2.0,3963.0,
1682,172517,,,,,,,1.0,4354.0,
1683,172729,,,,,,,1.0,6367.0,
1684,173516,,,,,,,1.0,3379.0,
1685,173979,,,,,,,2.0,5033.0,
1686,175573,,,,,,,1.0,2079.0,
1687,175582,,,,,,,1.0,2365.0,
1688,175856,,,,,,,1.0,2794.0,
1689,175955,,,,,,,3.0,6974.0,
1690,177699,,,,,,,1.0,2081.0,
1691,179042,,,,,,,1.0,1884.0,
1692,179762,,,,,,,2.0,6496.0,
1693,179948,,,,,,,1.0,2404.0,
1694,182418,,,,,,,1.0,2274.0,
1695,182513,,,,,,,1.0,2132.0,
1696,183359,,,,,,,1.0,6757.0,
1697,183383,,,,,,,2.0,5848.0,
1698,183580,,,,,,,1.0,2014.0,
1699,184227,,,,,,,1.0,2274.0,
1700,184825,,,,,,,1.0,1754.0,
1701,185451,,,,,,,1.0,2166.0,
1702,185711,,,,,,,1.0,3249.0,
1703,186694,,,,,,,2.0,15410.0,
1704,186697,,,,,,,2.0,27096.0,
1705,186707,,,,,,,1.0,10721.0,
1706,187359,,,,,,,1.0,8055.0,
1707,187466,,,,,,,1.0,1997.0,
1708,188210,,,,,,,1.0,1386.0,
1709,188432,,,,,,,3.0,6237.0,
1710,188922,,,,,,,2.0,8836.0,
1711,189009,,,,,,,1.0,6889.0,
1712,189081,,,,,,,1.0,2722.0,
1713,189223,,,,,,,1.0,3964.0,
1714,189377,,,,,,,1.0,4549.0,
1715,189413,,,,,,,1.0,5067.0,
1716,190827,,,,,,,1.0,1624.0,
1717,191727,,,,,,,1.0,1859.0,
1718,191728,,,,,,,1.0,2339.0,
1719,193476,,,,,,,1.0,3403.0,
1720,193630,,,,,,,1.0,2079.0,
1721,193867,,,,,,,1.0,4159.0,
1722,194199,,,,,,,1.0,2469.0,
1723,194329,,,,,,,2.0,26415.0,
1724,194874,,,,,,,1.0,4937.0,
1725,195442,,,,,,,2.0,3314.0,
1726,195863,,,,,,,1.0,3769.0,
1727,197706,,,,,,,1.0,6239.0,
1728,198621,,,,,,,1.0,4614.0,
1729,198949,,,,,,,1.0,4159.0,
1730,199674,,,,,,,1.0,3020.0,
1731,199850,,,,,,,1.0,2144.0,
